account,region,plan,segment,monthly_revenue,support_cost,infra_cost,active_users,open_tickets
acct-0001,east,scale,strategic,8600.86,646.46,1633.91,1406,1
acct-0002,west,starter,smb,375.73,67.03,111.94,5,11
acct-0003,east,starter,smb,381.02,108.1,45.63,17,10
acct-0004,west,growth,mid-market,1562.74,138.93,488.47,48,1
acct-0005,east,starter,smb,265.15,31.29,90.48,26,2
acct-0006,north,scale,strategic,7844.65,2397.07,1854.4,359,11
acct-0007,south,starter,smb,375.56,104.43,153.93,18,16
acct-0008,north,starter,smb,370.6,71.16,127.73,21,22
acct-0009,north,growth,mid-market,2365.03,638.38,977.8,206,19
acct-0010,east,scale,strategic,12077.1,3105.61,2943.13,1111,0
acct-0011,south,starter,smb,273.15,25.26,71.61,4,3
acct-0012,east,starter,smb,363.91,82.85,36.05,24,5
acct-0013,west,scale,strategic,9238.45,1826.07,1003.38,1386,15
acct-0014,north,growth,mid-market,1535.9,320.68,578.2,212,1
acct-0015,south,starter,smb,309.23,32.74,131.21,10,10
acct-0016,north,growth,mid-market,2232.07,391.28,233.52,175,16
acct-0017,east,starter,smb,271.3,30.87,103.32,22,24
acct-0018,north,scale,strategic,8738.83,353.49,3627.24,1017,7
acct-0019,west,starter,smb,222.8,46.22,90.79,10,8
acct-0020,south,starter,smb,381.14,35.35,159.3,9,3
acct-0021,south,growth,mid-market,1661.62,320.78,283.73,184,13
acct-0022,north,scale,strategic,6613.17,1619.92,2368.27,1250,3
acct-0023,south,starter,smb,335.3,59.92,36.32,24,17
acct-0024,west,starter,smb,320.12,18.0,58.04,6,6
acct-0025,south,growth,mid-market,1848.07,408.09,304.64,42,14
acct-0026,north,starter,smb,313.82,59.38,132.94,21,6
acct-0027,north,starter,smb,388.95,16.63,150.28,18,23
acct-0028,west,starter,smb,402.62,64.72,90.27,16,11
acct-0029,east,scale,strategic,11900.49,3565.58,2601.74,769,23
acct-0030,west,scale,strategic,12773.61,887.13,3696.06,363,19
acct-0031,south,growth,mid-market,1906.19,96.13,402.94,95,22
acct-0032,north,growth,mid-market,1856.14,504.63,646.78,186,6
acct-0033,south,starter,smb,253.94,39.66,44.16,6,8
acct-0034,south,starter,smb,277.27,12.37,97.17,20,10
acct-0035,south,scale,strategic,8491.05,1091.6,3200.98,480,10
acct-0036,west,growth,mid-market,1957.55,585.08,513.66,88,21
acct-0037,north,starter,smb,244.16,52.98,88.0,9,20
acct-0038,south,starter,smb,260.73,48.7,65.72,6,15
acct-0039,south,growth,mid-market,2460.54,282.57,541.16,46,11
acct-0040,west,starter,smb,239.63,73.63,69.47,27,11
acct-0041,west,starter,smb,294.46,65.93,123.37,29,24
acct-0042,west,growth,mid-market,2559.97,783.98,317.06,61,7
acct-0043,north,growth,mid-market,2223.39,136.05,287.3,38,4
acct-0044,west,growth,mid-market,1337.75,129.42,518.97,81,9
acct-0045,south,starter,smb,257.39,62.37,84.93,18,5
acct-0046,east,starter,smb,286.46,71.03,106.47,11,17
acct-0047,south,starter,smb,316.55,41.39,64.55,30,12
acct-0048,east,starter,smb,214.41,63.52,38.48,11,8
acct-0049,south,growth,mid-market,2057.67,119.8,763.67,125,6
acct-0050,east,starter,smb,320.77,20.24,51.3,22,23
acct-0051,north,starter,smb,233.13,47.0,42.02,14,9
acct-0052,east,scale,strategic,7502.23,1185.21,2442.15,1476,22
acct-0053,south,starter,smb,297.99,75.96,62.96,5,9
acct-0054,east,growth,mid-market,1526.32,102.14,178.16,144,13
acct-0055,west,starter,smb,243.08,34.44,52.03,23,17
acct-0056,south,growth,mid-market,1835.11,436.05,299.48,139,19
acct-0057,east,growth,mid-market,1769.96,343.92,640.34,70,24
acct-0058,north,growth,mid-market,1686.35,392.75,277.21,185,7
acct-0059,south,growth,mid-market,1513.02,265.14,169.47,218,23
acct-0060,west,starter,smb,389.89,88.87,164.39,11,0
acct-0061,south,starter,smb,319.4,51.73,116.02,24,22
acct-0062,north,starter,smb,281.41,81.29,109.43,24,12
acct-0063,east,scale,strategic,8638.24,1010.11,3193.31,675,7
acct-0064,west,starter,smb,354.55,16.22,88.2,24,24
acct-0065,south,starter,smb,240.84,30.19,56.45,8,17
acct-0066,east,starter,smb,309.3,85.2,34.3,21,7
acct-0067,south,starter,smb,318.82,49.13,36.21,14,16
acct-0068,south,starter,smb,260.77,32.17,36.2,29,4
acct-0069,south,scale,strategic,11360.52,758.69,2299.64,1103,22
acct-0070,east,scale,strategic,12681.37,3081.72,3566.01,1630,5
acct-0071,west,growth,mid-market,2207.57,348.07,297.43,113,24
acct-0072,south,scale,strategic,10785.0,2002.39,1672.64,516,24
acct-0073,west,starter,smb,396.25,36.85,58.18,5,12
acct-0074,west,starter,smb,292.82,65.49,113.31,28,15
acct-0075,west,starter,smb,404.16,25.69,134.61,24,3
acct-0076,west,scale,strategic,8364.19,2359.94,1229.54,762,11
acct-0077,north,growth,mid-market,2187.6,182.45,569.36,180,23
acct-0078,south,growth,mid-market,1465.49,58.64,585.28,113,7
acct-0079,west,starter,smb,347.22,59.1,89.98,11,24
acct-0080,south,growth,mid-market,1767.33,101.68,488.4,107,11
acct-0081,east,starter,smb,356.64,109.46,52.88,30,12
acct-0082,south,scale,strategic,7572.62,739.12,2716.83,1153,5
acct-0083,north,growth,mid-market,2141.81,520.76,462.22,127,5
acct-0084,west,scale,strategic,8904.53,1888.4,1024.45,1632,7
acct-0085,south,growth,mid-market,1927.92,303.33,711.86,177,22
acct-0086,north,scale,strategic,12966.04,3618.39,4967.4,1281,22
acct-0087,east,starter,smb,373.55,56.14,93.52,4,15
acct-0088,south,growth,mid-market,2443.7,256.65,564.9,69,15
acct-0089,north,starter,smb,343.87,36.33,105.69,14,6
acct-0090,north,starter,smb,258.49,17.02,28.26,8,24
acct-0091,west,scale,strategic,8670.56,1899.86,1277.46,1756,16
acct-0092,south,scale,strategic,11317.29,3020.81,3997.36,1058,12
acct-0093,east,starter,smb,325.61,37.75,71.02,23,23
acct-0094,west,starter,smb,357.72,65.9,128.39,30,19
acct-0095,east,scale,strategic,10191.51,1903.45,2658.54,1561,19
acct-0096,south,scale,strategic,11016.54,1125.37,4198.42,1416,9
acct-0097,east,growth,mid-market,1623.08,98.72,146.82,126,12
acct-0098,west,scale,strategic,10856.3,1204.29,1508.56,667,8
acct-0099,south,starter,smb,404.66,88.35,147.18,19,24
acct-0100,north,starter,smb,356.15,40.65,75.15,28,6
acct-0101,north,starter,smb,338.01,34.51,43.48,20,6
acct-0102,south,growth,mid-market,1838.12,496.49,808.09,19,5
acct-0103,north,starter,smb,385.27,26.95,147.74,18,3
acct-0104,west,starter,smb,246.62,19.06,41.7,21,24
acct-0105,west,scale,strategic,10687.38,2656.7,2853.36,380,12
acct-0106,north,scale,strategic,8384.23,2006.07,2347.6,329,24
acct-0107,north,starter,smb,221.98,19.21,41.83,19,21
acct-0108,north,growth,mid-market,2097.33,268.48,807.21,198,5
acct-0109,south,growth,mid-market,2283.54,626.72,964.04,35,6
acct-0110,north,scale,strategic,12469.96,2069.57,1716.89,536,9
acct-0111,north,growth,mid-market,1826.66,259.49,436.75,213,10
acct-0112,north,starter,smb,251.54,52.9,44.25,17,13
acct-0113,west,starter,smb,291.97,65.08,88.7,3,21
acct-0114,south,scale,strategic,7914.58,1690.69,3369.71,1140,16
acct-0115,north,scale,strategic,9141.82,2424.68,1938.9,380,0
acct-0116,east,starter,smb,287.68,16.32,51.02,7,14
acct-0117,south,growth,mid-market,2516.7,464.76,591.9,129,20
acct-0118,north,starter,smb,327.15,13.64,91.2,20,24
acct-0119,south,growth,mid-market,1960.91,202.22,295.66,37,15
acct-0120,east,starter,smb,371.65,34.43,60.91,19,4
acct-0121,south,scale,strategic,10646.43,662.58,3332.87,1153,3
acct-0122,north,starter,smb,250.18,63.08,70.38,12,2
acct-0123,north,scale,strategic,10688.01,2601.39,3456.62,847,10
acct-0124,north,growth,mid-market,1420.83,234.46,571.42,106,17
acct-0125,south,starter,smb,211.89,35.55,32.22,8,3
acct-0126,west,scale,strategic,8574.92,736.13,3160.62,368,19
acct-0127,west,starter,smb,264.84,29.59,111.91,9,1
acct-0128,north,starter,smb,238.76,55.04,47.33,20,19
acct-0129,west,starter,smb,332.32,21.9,45.41,30,1
acct-0130,east,starter,smb,214.97,14.65,31.16,7,9
acct-0131,south,growth,mid-market,2179.16,412.4,793.01,82,2
acct-0132,north,starter,smb,270.35,19.9,110.49,3,24
acct-0133,east,starter,smb,349.39,80.27,109.83,14,23
acct-0134,south,starter,smb,207.41,53.19,84.09,19,9
acct-0135,south,scale,strategic,7138.16,560.62,3118.03,1106,14
acct-0136,north,starter,smb,397.51,106.97,45.38,18,8
acct-0137,south,starter,smb,370.5,49.3,58.18,19,9
acct-0138,north,starter,smb,373.39,95.17,54.02,20,15
acct-0139,north,starter,smb,400.26,42.96,83.1,20,9
acct-0140,east,starter,smb,312.54,35.3,127.85,24,16
acct-0141,north,growth,mid-market,1879.04,463.23,722.75,19,6
acct-0142,south,starter,smb,327.96,94.67,80.83,25,7
acct-0143,west,growth,mid-market,1478.23,97.69,416.38,31,3
acct-0144,north,growth,mid-market,1843.91,380.79,683.77,32,17
acct-0145,east,starter,smb,376.47,39.31,50.18,14,10
acct-0146,south,scale,strategic,6646.22,981.02,1761.74,463,15
acct-0147,north,scale,strategic,11504.4,3115.44,3668.59,1650,11
acct-0148,north,starter,smb,360.06,73.66,32.49,29,5
acct-0149,south,starter,smb,364.59,96.81,60.3,18,21
acct-0150,north,scale,strategic,7397.69,1954.67,2268.31,83,7
acct-0151,east,scale,strategic,7723.68,1129.61,1332.6,1022,9
acct-0152,north,scale,strategic,9702.27,2215.8,2383.05,1596,12
acct-0153,south,starter,smb,318.09,98.42,119.17,29,17
acct-0154,south,growth,mid-market,2279.22,123.4,617.67,96,2
acct-0155,west,starter,smb,221.11,27.7,51.94,26,15
acct-0156,south,starter,smb,357.89,59.49,52.34,13,5
acct-0157,west,starter,smb,338.88,76.85,40.01,22,20
acct-0158,west,growth,mid-market,2505.5,389.73,271.82,31,18
acct-0159,west,scale,strategic,11725.65,3585.84,2428.22,70,4
acct-0160,east,starter,smb,316.97,17.45,90.2,18,22
acct-0161,east,starter,smb,289.47,50.81,55.26,29,19
acct-0162,west,growth,mid-market,2134.57,318.24,642.86,144,5
acct-0163,east,starter,smb,245.55,27.42,86.41,26,20
acct-0164,east,starter,smb,276.73,84.66,88.21,12,4
acct-0165,east,starter,smb,358.77,40.26,64.43,27,7
acct-0166,east,growth,mid-market,1594.34,413.74,151.43,188,6
acct-0167,east,growth,mid-market,1354.88,412.82,562.17,208,21
acct-0168,north,scale,strategic,10804.64,1020.07,1157.42,960,4
acct-0169,west,starter,smb,359.5,92.84,37.69,7,15
acct-0170,north,growth,mid-market,2472.05,549.14,275.82,105,0
acct-0171,north,scale,strategic,9801.21,2249.97,1037.97,39,14
acct-0172,north,growth,mid-market,2535.14,130.96,1021.97,127,22
acct-0173,south,growth,mid-market,2010.97,297.57,371.71,124,11
acct-0174,north,growth,mid-market,2047.49,511.27,822.26,40,24
acct-0175,south,scale,strategic,11251.31,1135.4,2224.41,704,14
acct-0176,south,starter,smb,343.01,56.51,50.74,5,7
acct-0177,west,growth,mid-market,1808.63,114.74,706.78,174,4
acct-0178,west,growth,mid-market,2055.35,279.74,348.76,148,15
acct-0179,north,growth,mid-market,1587.55,237.06,460.77,10,24
acct-0180,north,scale,strategic,11949.09,741.95,2022.25,139,23
acct-0181,west,starter,smb,386.12,23.53,61.62,15,11
acct-0182,north,scale,strategic,13031.9,791.14,1279.39,390,19
acct-0183,south,growth,mid-market,1927.44,125.49,630.6,63,15
acct-0184,west,growth,mid-market,2104.65,305.73,307.49,14,5
acct-0185,north,growth,mid-market,1305.06,372.64,337.25,154,3
acct-0186,north,starter,smb,251.4,14.26,25.72,20,17
acct-0187,south,growth,mid-market,2569.89,761.49,962.48,66,14
acct-0188,south,growth,mid-market,2428.47,417.26,422.81,96,14
acct-0189,north,growth,mid-market,1710.31,482.78,539.72,44,18
acct-0190,north,growth,mid-market,1510.4,351.76,230.35,75,18
acct-0191,north,starter,smb,396.81,71.62,165.75,24,6
acct-0192,north,starter,smb,363.97,90.39,143.39,19,11
acct-0193,east,starter,smb,281.61,65.51,55.63,22,15
acct-0194,east,scale,strategic,8119.53,1881.35,1234.99,1059,13
acct-0195,south,growth,mid-market,1931.58,290.47,615.01,68,12
acct-0196,south,growth,mid-market,1896.71,208.94,341.52,54,23
acct-0197,north,starter,smb,317.72,91.48,59.34,9,22
acct-0198,west,growth,mid-market,2405.97,282.06,728.52,128,16
acct-0199,north,starter,smb,382.79,89.77,51.61,27,0
acct-0200,south,starter,smb,322.56,86.36,121.51,27,9
acct-0201,east,starter,smb,253.56,55.36,53.97,28,13
acct-0202,north,scale,strategic,6882.61,1507.8,1514.59,1798,15
acct-0203,east,growth,mid-market,2377.45,321.46,1020.96,182,8
acct-0204,north,growth,mid-market,2305.55,141.48,630.18,215,10
acct-0205,south,starter,smb,378.48,111.78,55.29,27,3
acct-0206,south,scale,strategic,7468.93,945.32,2700.47,817,20
acct-0207,north,scale,strategic,11818.0,3173.78,3342.45,11,17
acct-0208,south,growth,mid-market,2513.71,423.89,418.63,132,14
acct-0209,north,growth,mid-market,1874.02,368.0,815.23,219,19
acct-0210,west,scale,strategic,6759.22,664.8,2425.05,1397,1
acct-0211,south,starter,smb,291.97,26.99,84.96,12,14
acct-0212,south,growth,mid-market,1687.55,509.27,462.54,27,9
acct-0213,north,starter,smb,367.98,88.45,61.42,5,5
acct-0214,south,scale,strategic,11707.07,3019.06,2934.14,934,12
acct-0215,west,starter,smb,321.67,42.34,114.46,10,11
acct-0216,north,starter,smb,278.8,23.77,101.43,18,23
acct-0217,south,scale,strategic,7294.58,1718.78,1632.87,800,14
acct-0218,south,growth,mid-market,2046.72,85.83,225.88,25,4
acct-0219,south,scale,strategic,11504.09,1004.05,3226.32,428,22
acct-0220,north,scale,strategic,12681.31,3544.69,5091.59,667,19
acct-0221,east,growth,mid-market,2532.95,277.02,377.74,46,6
acct-0222,north,growth,mid-market,1967.66,504.39,449.3,140,3
acct-0223,south,scale,strategic,11851.82,3466.64,1691.04,678,12
acct-0224,east,growth,mid-market,2027.46,253.77,541.22,69,16
acct-0225,south,scale,strategic,11942.18,2760.82,4001.52,610,18
acct-0226,south,growth,mid-market,2587.34,741.15,1132.52,143,9
acct-0227,west,starter,smb,403.85,45.88,177.45,25,13
acct-0228,east,scale,strategic,11275.67,2827.31,2769.02,580,5
acct-0229,west,scale,strategic,11149.33,787.2,4793.39,238,24
acct-0230,west,scale,strategic,6979.42,1419.9,1847.08,148,4
acct-0231,west,starter,smb,240.32,12.77,79.48,9,22
acct-0232,north,starter,smb,255.02,51.95,42.21,13,11
acct-0233,north,growth,mid-market,2496.2,469.19,341.41,67,18
acct-0234,west,growth,mid-market,1867.38,530.19,374.25,126,1
acct-0235,east,starter,smb,347.94,90.63,82.84,4,3
acct-0236,north,starter,smb,373.69,75.41,147.85,17,14
acct-0237,north,starter,smb,312.76,18.41,118.89,30,13
acct-0238,west,growth,mid-market,2379.54,228.13,978.15,106,19
acct-0239,east,starter,smb,206.88,29.23,30.74,10,2
acct-0240,east,growth,mid-market,1581.19,188.34,191.74,197,8
acct-0241,south,starter,smb,205.0,12.04,42.31,8,0
acct-0242,east,growth,mid-market,2355.09,689.73,505.3,86,5
acct-0243,west,starter,smb,215.82,27.23,37.88,22,21
acct-0244,north,starter,smb,277.06,42.39,82.0,28,10
acct-0245,east,starter,smb,326.45,44.88,45.95,10,13
acct-0246,south,scale,strategic,7803.87,1153.18,932.76,572,13
acct-0247,north,scale,strategic,9697.45,1697.24,880.04,1082,5
acct-0248,south,growth,mid-market,1326.03,177.72,497.57,38,7
acct-0249,south,starter,smb,258.01,23.03,85.95,6,2
acct-0250,west,growth,mid-market,2350.79,293.31,226.65,206,7
acct-0251,east,growth,mid-market,2240.86,134.4,245.76,95,12
acct-0252,west,growth,mid-market,2218.53,531.1,590.67,105,9
acct-0253,west,growth,mid-market,2356.59,700.89,679.11,77,15
acct-0254,north,starter,smb,308.75,38.41,115.1,5,10
acct-0255,north,starter,smb,290.43,66.06,126.57,25,11
acct-0256,north,growth,mid-market,1926.74,372.18,673.95,39,6
acct-0257,north,scale,strategic,9480.41,1225.53,1436.11,329,9
acct-0258,west,growth,mid-market,1476.12,451.72,303.16,21,1
acct-0259,south,starter,smb,320.5,95.76,137.56,17,11
acct-0260,east,scale,strategic,12055.06,3607.69,3873.41,1796,15
acct-0261,east,starter,smb,238.92,58.35,98.05,26,18
acct-0262,east,growth,mid-market,1668.29,432.56,487.16,139,15
acct-0263,east,scale,strategic,7223.01,965.63,3121.78,241,6
acct-0264,west,growth,mid-market,2237.1,370.82,392.16,197,16
acct-0265,south,growth,mid-market,1772.81,150.48,191.7,136,7
acct-0266,south,growth,mid-market,2412.69,262.36,495.87,170,3
acct-0267,south,starter,smb,233.88,26.98,74.65,16,11
acct-0268,north,starter,smb,212.14,21.68,77.1,6,10
acct-0269,east,scale,strategic,6754.57,1281.6,804.65,760,23
acct-0270,south,growth,mid-market,2372.35,101.7,332.81,100,4
acct-0271,south,starter,smb,401.51,117.81,150.27,21,5
acct-0272,north,starter,smb,280.54,32.51,114.77,24,17
acct-0273,west,growth,mid-market,2059.39,495.21,408.25,160,10
acct-0274,south,scale,strategic,6731.31,1656.52,2249.4,510,6
acct-0275,north,growth,mid-market,2223.26,125.9,650.51,34,6
acct-0276,east,starter,smb,330.65,96.33,131.17,20,23
acct-0277,north,growth,mid-market,1969.17,268.43,710.86,138,11
acct-0278,south,growth,mid-market,2307.72,163.12,720.21,201,11
acct-0279,north,growth,mid-market,1781.81,508.63,407.56,122,3
acct-0280,east,starter,smb,220.9,66.57,53.97,14,10
acct-0281,west,starter,smb,271.02,75.41,45.29,21,11
acct-0282,south,scale,strategic,9835.48,563.44,3702.94,974,4
acct-0283,east,growth,mid-market,2566.32,128.63,1129.12,101,7
acct-0284,east,starter,smb,373.07,86.87,50.42,23,8
acct-0285,west,growth,mid-market,2365.38,491.41,687.64,26,14
acct-0286,east,scale,strategic,8044.42,568.51,1101.57,636,15
acct-0287,north,starter,smb,326.14,49.33,105.88,18,1
acct-0288,east,growth,mid-market,2405.41,220.44,835.49,186,4
acct-0289,east,scale,strategic,7671.07,958.43,2748.7,755,22
acct-0290,north,starter,smb,342.1,52.81,106.57,14,4
acct-0291,east,starter,smb,235.73,9.54,67.71,4,2
acct-0292,east,starter,smb,213.17,16.65,46.66,22,17
acct-0293,north,growth,mid-market,1759.42,263.24,729.66,211,6
acct-0294,west,starter,smb,332.37,55.6,101.14,6,16
acct-0295,south,growth,mid-market,1564.22,334.95,547.86,187,8
acct-0296,east,growth,mid-market,2204.36,467.21,519.73,184,9
acct-0297,west,starter,smb,401.43,57.54,37.1,20,23
acct-0298,west,starter,smb,370.85,50.71,54.15,11,1
acct-0299,north,scale,strategic,9750.59,1813.38,2710.76,1713,1
acct-0300,south,starter,smb,265.7,68.44,41.73,9,18
acct-0301,north,starter,smb,245.41,57.22,71.28,10,13
acct-0302,west,growth,mid-market,2555.86,749.42,687.01,100,19
acct-0303,north,growth,mid-market,2263.12,565.19,337.28,178,7
acct-0304,north,scale,strategic,12714.7,2012.98,5148.26,970,22
acct-0305,south,starter,smb,309.95,13.54,64.47,5,14
acct-0306,east,starter,smb,389.9,100.47,57.14,13,19
acct-0307,north,starter,smb,318.08,86.13,59.18,16,3
acct-0308,south,starter,smb,332.58,18.85,60.76,8,3
acct-0309,west,starter,smb,267.27,28.44,87.93,23,21
acct-0310,south,growth,mid-market,1877.19,470.16,276.16,40,14
acct-0311,west,scale,strategic,7644.97,1223.41,1143.31,1502,12
acct-0312,north,starter,smb,302.89,15.31,69.49,11,2
acct-0313,east,starter,smb,210.16,37.11,23.81,4,12
acct-0314,east,growth,mid-market,1403.3,357.71,333.66,93,9
acct-0315,north,growth,mid-market,2360.46,99.53,714.94,120,2
acct-0316,east,starter,smb,355.06,51.98,71.52,14,22
acct-0317,east,scale,strategic,9373.76,1315.27,3005.28,381,14
acct-0318,south,starter,smb,263.41,74.19,99.41,10,10
acct-0319,west,starter,smb,324.59,85.88,44.44,18,3
acct-0320,north,starter,smb,333.8,23.59,77.6,6,16
acct-0321,east,scale,strategic,10935.59,3165.98,4269.63,1121,17
acct-0322,west,scale,strategic,8930.33,2241.46,1134.92,437,7
acct-0323,south,growth,mid-market,2356.64,705.5,246.88,205,10
acct-0324,south,starter,smb,322.62,14.93,43.09,6,6
acct-0325,south,starter,smb,270.63,48.65,38.61,5,1
acct-0326,south,scale,strategic,7012.18,897.47,1272.37,63,23
acct-0327,east,growth,mid-market,2549.41,621.85,899.34,212,22
acct-0328,north,scale,strategic,12168.19,2095.5,2727.19,1622,13
acct-0329,south,growth,mid-market,2291.07,636.2,871.51,207,2
acct-0330,north,growth,mid-market,1454.1,129.62,628.41,85,3
acct-0331,west,starter,smb,384.86,63.93,99.77,14,2
acct-0332,north,growth,mid-market,1559.92,140.08,602.57,198,7
acct-0333,south,starter,smb,222.17,64.23,46.71,26,5
acct-0334,west,starter,smb,246.91,25.93,41.29,28,9
acct-0335,north,scale,strategic,8561.07,1836.02,3066.56,1754,1
acct-0336,west,scale,strategic,12075.27,572.83,5164.29,934,1
acct-0337,west,scale,strategic,8307.38,670.71,899.19,1528,0
acct-0338,north,growth,mid-market,2159.16,420.2,932.43,38,3
acct-0339,south,starter,smb,242.16,72.6,58.26,9,20
acct-0340,south,starter,smb,396.79,43.87,48.22,30,10
acct-0341,east,starter,smb,220.59,58.71,74.11,19,10
acct-0342,south,starter,smb,312.28,52.89,124.03,18,21
acct-0343,west,starter,smb,276.85,78.57,54.31,7,12
acct-0344,north,starter,smb,391.44,104.46,165.86,23,8
acct-0345,south,starter,smb,286.93,15.49,68.06,29,21
acct-0346,north,scale,strategic,12288.1,1379.26,4112.07,1240,18
acct-0347,west,growth,mid-market,1658.52,82.56,494.01,54,7
acct-0348,south,scale,strategic,9801.69,1648.16,4163.52,1151,14
acct-0349,north,growth,mid-market,2151.69,407.5,847.24,197,17
acct-0350,west,starter,smb,386.71,46.32,46.44,24,14
acct-0351,east,starter,smb,362.68,54.83,116.6,5,17
acct-0352,north,starter,smb,282.74,86.04,65.8,4,22
acct-0353,west,growth,mid-market,1940.88,584.66,253.59,123,24
acct-0354,north,starter,smb,393.89,85.05,144.12,25,18
acct-0355,west,growth,mid-market,2427.45,512.34,682.8,9,4
acct-0356,west,scale,strategic,12463.23,834.17,4830.29,464,16
acct-0357,north,starter,smb,303.26,91.26,88.89,13,22
acct-0358,east,scale,strategic,7904.71,513.1,1931.08,1081,5
acct-0359,south,growth,mid-market,1632.5,175.79,584.87,164,21
acct-0360,north,scale,strategic,8542.63,2636.9,1950.22,1612,0
