day,channel,campaign,impressions,clicks,spend,signups
2026-08-03,search,search-01,30075,976,1319.01,104
2026-08-03,search,search-02,53180,2500,4000.56,199
2026-08-03,search,search-03,71013,2873,3508.9,210
2026-08-03,social,social-01,77144,1008,1633.12,35
2026-08-03,social,social-02,23934,232,365.98,23
2026-08-03,social,social-03,74933,770,725.87,72
2026-08-03,email,email-01,29660,2091,2091.23,156
2026-08-03,email,email-02,13449,1195,813.11,104
2026-08-03,email,email-03,29531,1591,968.26,166
2026-08-03,partner,partner-01,24738,549,1079.78,53
2026-08-03,partner,partner-02,12945,268,337.58,18
2026-08-03,partner,partner-03,24724,623,307.1,26
2026-08-04,search,search-01,5727,204,155.69,17
2026-08-04,search,search-02,72892,3003,5144.32,367
2026-08-04,search,search-03,8274,304,262.18,22
2026-08-04,social,social-01,44338,484,314.02,46
2026-08-04,social,social-02,12252,122,173.6,7
2026-08-04,social,social-03,74050,817,1493.15,62
2026-08-04,email,email-01,49209,4078,3863.15,223
2026-08-04,email,email-02,75348,6766,12621.22,510
2026-08-04,email,email-03,16499,1490,2129.55,113
2026-08-04,partner,partner-01,57863,1759,1378.85,59
2026-08-04,partner,partner-02,15177,493,235.67,32
2026-08-04,partner,partner-03,4216,98,108.23,3
2026-08-05,search,search-01,78517,2583,1248.75,290
2026-08-05,search,search-02,26804,782,799.48,50
2026-08-05,search,search-03,24781,1262,1985.94,96
2026-08-05,social,social-01,53610,900,1306.07,120
2026-08-05,social,social-02,7732,74,101.55,4
2026-08-05,social,social-03,41565,538,305.62,18
2026-08-05,email,email-01,58619,3298,5583.15,138
2026-08-05,email,email-02,88856,5249,8825.47,173
2026-08-05,email,email-03,86113,7953,3400.88,710
2026-08-05,partner,partner-01,52589,1147,560.56,155
2026-08-05,partner,partner-02,10194,329,337.44,36
2026-08-05,partner,partner-03,52286,1395,1910.29,187
2026-08-06,search,search-01,24196,964,1045.65,88
2026-08-06,search,search-02,25122,1302,2509.33,87
2026-08-06,search,search-03,64816,2876,1010.17,265
2026-08-06,social,social-01,15899,251,526.34,13
2026-08-06,social,social-02,14526,216,283.67,26
2026-08-06,social,social-03,16622,154,314.73,7
2026-08-06,email,email-01,14838,1167,1929.79,158
2026-08-06,email,email-02,77552,7024,11800.15,423
2026-08-06,email,email-03,49735,2876,1155.47,172
2026-08-06,partner,partner-01,35213,908,1494.44,37
2026-08-06,partner,partner-02,75627,1802,1696.33,119
2026-08-06,partner,partner-03,56663,1294,1862.29,72
2026-08-07,search,search-01,10891,466,813.57,22
2026-08-07,search,search-02,34852,1149,1876.13,90
2026-08-07,search,search-03,76996,3647,3544.46,489
2026-08-07,social,social-01,52232,567,459.73,28
2026-08-07,social,social-02,8178,115,124.74,5
2026-08-07,social,social-03,12467,185,140.01,11
2026-08-07,email,email-01,61064,4009,5277.15,208
2026-08-07,email,email-02,34679,2690,2031.95,170
2026-08-07,email,email-03,84405,7891,8775.55,244
2026-08-07,partner,partner-01,83930,2242,2395.65,193
2026-08-07,partner,partner-02,32730,944,1591.18,48
2026-08-07,partner,partner-03,89933,2096,2601.45,208
2026-08-08,search,search-01,23729,1171,1079.74,115
2026-08-08,search,search-02,41314,1826,3113.74,192
2026-08-08,search,search-03,51885,1554,2797.57,60
2026-08-08,social,social-01,50084,755,1436.52,28
2026-08-08,social,social-02,35744,526,729.82,44
2026-08-08,social,social-03,81280,1070,772.53,39
2026-08-08,email,email-01,6864,576,898.6,40
2026-08-08,email,email-02,12076,945,1708.26,103
2026-08-08,email,email-03,70588,6434,2830.33,886
2026-08-08,partner,partner-01,44872,828,1298.96,36
2026-08-08,partner,partner-02,7739,163,289.14,17
2026-08-08,partner,partner-03,63303,2127,2563.01,173
2026-08-09,search,search-01,68936,3544,6393.96,169
2026-08-09,search,search-02,24263,1265,1994.28,165
2026-08-09,search,search-03,37316,1705,3451.84,110
2026-08-09,social,social-01,9613,103,161.17,7
2026-08-09,social,social-02,34371,524,620.46,16
2026-08-09,social,social-03,42813,453,825.34,55
2026-08-09,email,email-01,56144,3866,3364.28,285
2026-08-09,email,email-02,9796,639,579.58,78
2026-08-09,email,email-03,60703,3627,6681.51,218
2026-08-09,partner,partner-01,79567,2656,4230.53,126
2026-08-09,partner,partner-02,28537,577,422.11,20
2026-08-09,partner,partner-03,61225,1559,1304.7,160
2026-08-10,search,search-01,54662,2389,3828.16,117
2026-08-10,search,search-02,24499,817,351.29,24
2026-08-10,search,search-03,70663,3144,5374.92,166
2026-08-10,social,social-01,86167,941,1555.42,58
2026-08-10,social,social-02,56802,833,730.93,28
2026-08-10,social,social-03,68235,823,1060.53,55
2026-08-10,email,email-01,72685,5916,8671.06,289
2026-08-10,email,email-02,28842,2572,2794.63,224
2026-08-10,email,email-03,61108,5037,5846.63,247
2026-08-10,partner,partner-01,53875,1089,858.13,86
2026-08-10,partner,partner-02,54188,1436,1410.72,152
2026-08-10,partner,partner-03,58352,1451,1449.25,60
2026-08-11,search,search-01,60488,1873,1175.76,165
2026-08-11,search,search-02,54076,2292,1750.32,253
2026-08-11,search,search-03,6575,307,596.82,25
2026-08-11,social,social-01,81825,1364,2295.68,103
2026-08-11,social,social-02,47793,478,272.67,51
2026-08-11,social,social-03,41726,673,404.07,77
2026-08-11,email,email-01,60606,4412,7272.08,245
2026-08-11,email,email-02,76115,5163,7762.0,322
2026-08-11,email,email-03,84392,7727,5173.18,330
2026-08-11,partner,partner-01,65997,1229,957.35,96
2026-08-11,partner,partner-02,42883,913,557.63,82
2026-08-11,partner,partner-03,10189,341,392.06,32
2026-08-12,search,search-01,70529,2871,2504.15,250
2026-08-12,search,search-02,42312,1482,965.79,147
2026-08-12,search,search-03,33597,1088,997.32,63
2026-08-12,social,social-01,61489,928,588.42,103
2026-08-12,social,social-02,16134,194,249.6,17
2026-08-12,social,social-03,88451,952,991.48,88
2026-08-12,email,email-01,35719,2843,2608.43,280
2026-08-12,email,email-02,89928,6221,7083.47,526
2026-08-12,email,email-03,82243,4345,5922.57,513
2026-08-12,partner,partner-01,53293,1147,1744.52,134
2026-08-12,partner,partner-02,13438,267,138.43,34
2026-08-12,partner,partner-03,85886,1883,660.7,58
2026-08-13,search,search-01,28278,1080,2000.37,78
2026-08-13,search,search-02,40970,1547,2718.88,123
2026-08-13,search,search-03,29202,1517,754.12,89
2026-08-13,social,social-01,51505,815,1702.86,75
2026-08-13,social,social-02,9061,147,98.23,8
2026-08-13,social,social-03,24492,371,425.73,28
2026-08-13,email,email-01,81343,4680,2313.79,535
2026-08-13,email,email-02,87000,5867,5273.31,429
2026-08-13,email,email-03,18060,1012,1708.03,118
2026-08-13,partner,partner-01,77425,2257,1861.74,233
2026-08-13,partner,partner-02,21823,556,248.73,22
2026-08-13,partner,partner-03,63610,1820,832.53,80
2026-08-14,search,search-01,36568,1372,2087.2,157
2026-08-14,search,search-02,14987,627,308.63,32
2026-08-14,search,search-03,32323,1695,3509.9,56
2026-08-14,social,social-01,52947,514,255.12,55
2026-08-14,social,social-02,10251,166,104.31,21
2026-08-14,social,social-03,21389,269,357.15,35
2026-08-14,email,email-01,11610,959,356.87,31
2026-08-14,email,email-02,61576,5612,5549.21,464
2026-08-14,email,email-03,6554,367,587.31,29
2026-08-14,partner,partner-01,60111,1561,3076.85,58
2026-08-14,partner,partner-02,69784,2122,840.96,249
2026-08-14,partner,partner-03,21971,451,708.66,21
2026-08-15,search,search-01,9915,524,202.07,27
2026-08-15,search,search-02,24323,698,389.05,32
2026-08-15,search,search-03,80035,4257,4426.67,334
2026-08-15,social,social-01,88101,1477,1721.46,125
2026-08-15,social,social-02,9403,126,54.74,10
2026-08-15,social,social-03,11675,117,178.58,7
2026-08-15,email,email-01,40746,3321,2296.66,306
2026-08-15,email,email-02,86578,4724,2062.78,354
2026-08-15,email,email-03,59846,4372,6374.23,530
2026-08-15,partner,partner-01,4388,116,114.03,15
2026-08-15,partner,partner-02,60829,1900,1185.62,107
2026-08-15,partner,partner-03,19204,372,656.11,35
2026-08-16,search,search-01,10138,304,415.7,40
2026-08-16,search,search-02,13796,528,254.64,21
2026-08-16,search,search-03,30053,1526,2890.3,195
2026-08-16,social,social-01,39511,588,1048.26,75
2026-08-16,social,social-02,80220,1016,2002.45,70
2026-08-16,social,social-03,13827,211,177.22,11
2026-08-16,email,email-01,57225,4965,5090.91,161
2026-08-16,email,email-02,82295,6529,13193.58,488
2026-08-16,email,email-03,67944,3873,4227.37,120
2026-08-16,partner,partner-01,47492,1282,2426.16,61
2026-08-16,partner,partner-02,72926,2398,1182.88,254
2026-08-16,partner,partner-03,88969,2424,1977.88,299
2026-08-17,search,search-01,12793,374,576.02,32
2026-08-17,search,search-02,56709,2903,2594.18,167
2026-08-17,search,search-03,39991,1550,872.96,151
2026-08-17,social,social-01,87942,1037,1886.0,56
2026-08-17,social,social-02,32674,444,491.05,49
2026-08-17,social,social-03,35025,375,507.27,35
2026-08-17,email,email-01,86922,4876,10156.62,501
2026-08-17,email,email-02,48738,2601,5118.66,119
2026-08-17,email,email-03,60060,4181,4294.4,457
2026-08-17,partner,partner-01,87783,2173,3231.89,94
2026-08-17,partner,partner-02,23512,613,1021.89,31
2026-08-17,partner,partner-03,78819,2653,5193.39,165
2026-08-18,search,search-01,49523,1436,2643.69,51
2026-08-18,search,search-02,88976,4256,7517.16,201
2026-08-18,search,search-03,11996,638,866.54,63
2026-08-18,social,social-01,89036,1025,1456.61,119
2026-08-18,social,social-02,10567,117,239.3,12
2026-08-18,social,social-03,70126,1016,494.19,69
2026-08-18,email,email-01,67261,3538,4519.65,221
2026-08-18,email,email-02,55581,2908,3495.18,209
2026-08-18,email,email-03,74793,6117,8214.79,191
2026-08-18,partner,partner-01,21146,582,421.15,59
2026-08-18,partner,partner-02,55549,1307,600.6,154
2026-08-18,partner,partner-03,16990,371,211.17,18
2026-08-19,search,search-01,36106,1194,690.35,46
2026-08-19,search,search-02,6867,234,443.33,18
2026-08-19,search,search-03,10152,478,734.69,31
2026-08-19,social,social-01,78404,721,1178.16,75
2026-08-19,social,social-02,59946,765,593.53,99
2026-08-19,social,social-03,77107,782,336.4,43
2026-08-19,email,email-01,20839,1082,1279.12,58
2026-08-19,email,email-02,87106,7606,11625.51,260
2026-08-19,email,email-03,70110,4572,1821.61,554
2026-08-19,partner,partner-01,42530,1326,2457.05,131
2026-08-19,partner,partner-02,49910,1267,1342.45,142
2026-08-19,partner,partner-03,49302,1496,2725.14,180
2026-08-20,search,search-01,6077,230,368.34,16
2026-08-20,search,search-02,17161,581,362.37,78
2026-08-20,search,search-03,24899,1031,618.01,73
2026-08-20,social,social-01,56835,728,1194.83,28
2026-08-20,social,social-02,16154,203,334.04,16
2026-08-20,social,social-03,22529,307,376.73,21
2026-08-20,email,email-01,9294,820,1555.44,106
2026-08-20,email,email-02,65737,4700,2798.61,261
2026-08-20,email,email-03,4851,452,431.72,59
2026-08-20,partner,partner-01,64730,1712,1133.16,54
2026-08-20,partner,partner-02,81065,1635,2598.1,60
2026-08-20,partner,partner-03,27813,660,703.43,49
2026-08-21,search,search-01,71019,2323,2164.22,202
2026-08-21,search,search-02,67478,2212,1958.61,79
2026-08-21,search,search-03,16258,812,513.01,102
2026-08-21,social,social-01,64143,650,707.44,90
2026-08-21,social,social-02,79461,1088,1285.73,43
2026-08-21,social,social-03,64246,916,341.06,90
2026-08-21,email,email-01,11320,976,831.14,42
2026-08-21,email,email-02,85442,7302,2966.14,251
2026-08-21,email,email-03,28837,2298,2443.91,92
2026-08-21,partner,partner-01,5737,105,109.91,7
2026-08-21,partner,partner-02,35494,712,921.2,44
2026-08-21,partner,partner-03,6029,177,249.21,24
2026-08-22,search,search-01,7840,279,153.57,16
2026-08-22,search,search-02,67996,3059,1082.61,214
2026-08-22,search,search-03,63811,2193,4258.35,210
2026-08-22,social,social-01,9075,101,90.89,11
2026-08-22,social,social-02,53242,864,986.29,45
2026-08-22,social,social-03,20032,264,240.05,25
2026-08-22,email,email-01,33073,3030,5967.82,335
2026-08-22,email,email-02,42283,3708,6507.4,281
2026-08-22,email,email-03,69820,6281,5694.47,555
2026-08-22,partner,partner-01,31307,1042,2087.25,56
2026-08-22,partner,partner-02,27730,850,771.16,29
2026-08-22,partner,partner-03,67944,2184,2894.76,261
2026-08-23,search,search-01,19666,929,1755.43,87
2026-08-23,search,search-02,18304,683,428.06,42
2026-08-23,search,search-03,25204,1167,2066.03,121
2026-08-23,social,social-01,85419,876,1256.7,92
2026-08-23,social,social-02,70404,1107,1603.94,79
2026-08-23,social,social-03,40812,402,617.73,44
2026-08-23,email,email-01,17047,1021,887.01,92
2026-08-23,email,email-02,60022,4091,8104.81,372
2026-08-23,email,email-03,15309,849,605.27,70
2026-08-23,partner,partner-01,8223,165,296.47,17
2026-08-23,partner,partner-02,75835,1853,861.18,210
2026-08-23,partner,partner-03,70987,1379,771.69,190
2026-08-24,search,search-01,48714,1907,829.86,159
2026-08-24,search,search-02,16430,568,303.44,49
2026-08-24,search,search-03,67941,3140,3895.54,182
2026-08-24,social,social-01,19491,321,246.93,42
2026-08-24,social,social-02,21779,316,469.51,36
2026-08-24,social,social-03,7395,88,40.54,8
2026-08-24,email,email-01,41052,2430,3401.99,224
2026-08-24,email,email-02,59342,3849,2699.73,449
2026-08-24,email,email-03,38053,2738,3609.21,286
2026-08-24,partner,partner-01,35861,995,1140.95,66
2026-08-24,partner,partner-02,42505,1192,957.5,149
2026-08-24,partner,partner-03,15329,449,680.82,38
2026-08-25,search,search-01,20511,709,720.68,39
2026-08-25,search,search-02,68152,2605,1735.45,149
2026-08-25,search,search-03,47040,1449,1672.02,119
2026-08-25,social,social-01,67550,871,1685.71,83
2026-08-25,social,social-02,49958,715,794.78,56
2026-08-25,social,social-03,73638,819,1666.32,86
2026-08-25,email,email-01,70524,5395,9896.56,533
2026-08-25,email,email-02,36839,3191,4834.54,369
2026-08-25,email,email-03,70852,4035,1586.14,508
2026-08-25,partner,partner-01,60239,1896,2899.26,191
2026-08-25,partner,partner-02,20709,405,395.7,29
2026-08-25,partner,partner-03,62367,1204,944.77,134
2026-08-26,search,search-01,34696,1758,1517.22,98
2026-08-26,search,search-02,38607,2017,2545.39,80
2026-08-26,search,search-03,18002,925,407.85,104
2026-08-26,social,social-01,87111,1363,564.28,45
2026-08-26,social,social-02,53426,486,451.53,28
2026-08-26,social,social-03,21721,332,541.58,12
2026-08-26,email,email-01,61138,4275,3382.83,230
2026-08-26,email,email-02,75255,5541,10536.28,498
2026-08-26,email,email-03,41503,2913,4892.17,125
2026-08-26,partner,partner-01,80154,2052,738.85,200
2026-08-26,partner,partner-02,73643,1575,2595.1,109
2026-08-26,partner,partner-03,39824,1133,665.02,107
2026-08-27,search,search-01,48305,2208,3331.71,133
2026-08-27,search,search-02,10711,478,420.97,43
2026-08-27,search,search-03,32797,1025,459.46,32
2026-08-27,social,social-01,25661,262,254.48,26
2026-08-27,social,social-02,23782,244,308.64,25
2026-08-27,social,social-03,26089,386,807.75,11
2026-08-27,email,email-01,85225,5616,7287.31,230
2026-08-27,email,email-02,88789,4902,5448.48,463
2026-08-27,email,email-03,45259,2457,1817.47,93
2026-08-27,partner,partner-01,58755,1411,2105.42,180
2026-08-27,partner,partner-02,62667,1758,1417.44,111
2026-08-27,partner,partner-03,35759,1006,752.89,64
2026-08-28,search,search-01,81571,3631,3442.51,201
2026-08-28,search,search-02,69025,3080,3149.44,209
2026-08-28,search,search-03,39788,1493,880.2,190
2026-08-28,social,social-01,67810,640,892.15,79
2026-08-28,social,social-02,47078,790,647.62,94
2026-08-28,social,social-03,40244,451,664.02,57
2026-08-28,email,email-01,28892,2176,2271.66,167
2026-08-28,email,email-02,67404,4105,3048.27,472
2026-08-28,email,email-03,72016,5281,10124.53,474
2026-08-28,partner,partner-01,44953,1316,807.62,42
2026-08-28,partner,partner-02,59580,1179,2465.82,39
2026-08-28,partner,partner-03,41484,870,1439.94,32
2026-08-29,search,search-01,20544,974,1110.45,56
2026-08-29,search,search-02,25065,930,1400.78,118
2026-08-29,search,search-03,62545,2908,1420.62,143
2026-08-29,social,social-01,82206,1024,1787.39,65
2026-08-29,social,social-02,4326,69,55.99,2
2026-08-29,social,social-03,62895,786,1037.03,32
2026-08-29,email,email-01,56793,3347,5658.92,188
2026-08-29,email,email-02,46010,3177,3719.28,352
2026-08-29,email,email-03,16851,1331,1281.45,42
2026-08-29,partner,partner-01,22858,486,332.76,59
2026-08-29,partner,partner-02,5411,110,46.67,7
2026-08-29,partner,partner-03,22503,669,1033.37,78
2026-08-30,search,search-01,84507,4233,5367.71,148
2026-08-30,search,search-02,23820,1123,1247.85,148
2026-08-30,search,search-03,17756,679,380.34,41
2026-08-30,social,social-01,45870,772,1482.08,101
2026-08-30,social,social-02,30512,351,214.65,16
2026-08-30,social,social-03,89582,1273,1030.58,165
2026-08-30,email,email-01,59774,3319,5333.68,192
2026-08-30,email,email-02,12238,870,1652.43,113
2026-08-30,email,email-03,61809,4675,4248.11,417
2026-08-30,partner,partner-01,64765,2127,2564.34,128
2026-08-30,partner,partner-02,50185,1113,2062.84,34
2026-08-30,partner,partner-03,35564,948,1125.49,46
