build_id,day,day_index,repo,job,branch,duration_sec,status,retries
b-00001,2026-08-03,0,core-api,build,pr,182,passed,0
b-00002,2026-08-03,0,core-api,build,pr,301,passed,0
b-00003,2026-08-03,0,core-api,build,pr,305,passed,0
b-00004,2026-08-03,0,core-api,build,pr,177,passed,0
b-00005,2026-08-03,0,core-api,build,pr,488,passed,0
b-00006,2026-08-03,0,core-api,build,pr,322,passed,0
b-00007,2026-08-03,0,core-api,build,main,357,passed,0
b-00008,2026-08-03,0,core-api,unit,main,448,passed,0
b-00009,2026-08-03,0,core-api,unit,pr,485,passed,0
b-00010,2026-08-03,0,core-api,unit,main,255,passed,0
b-00011,2026-08-03,0,core-api,unit,main,313,passed,0
b-00012,2026-08-03,0,core-api,unit,pr,438,passed,0
b-00013,2026-08-03,0,core-api,unit,pr,193,passed,0
b-00014,2026-08-03,0,core-api,unit,pr,389,passed,0
b-00015,2026-08-03,0,core-api,unit,pr,510,passed,0
b-00016,2026-08-03,0,core-api,unit,pr,507,passed,0
b-00017,2026-08-03,0,core-api,integration,pr,1014,passed,0
b-00018,2026-08-03,0,core-api,integration,pr,748,passed,0
b-00019,2026-08-03,0,core-api,integration,main,867,passed,0
b-00020,2026-08-03,0,core-api,integration,main,1370,passed,0
b-00021,2026-08-03,0,core-api,integration,main,371,passed,0
b-00022,2026-08-03,0,web,build,pr,198,passed,0
b-00023,2026-08-03,0,web,build,pr,263,passed,0
b-00024,2026-08-03,0,web,build,pr,130,passed,0
b-00025,2026-08-03,0,web,build,main,94,passed,0
b-00026,2026-08-03,0,web,build,main,215,passed,0
b-00027,2026-08-03,0,web,build,pr,248,passed,0
b-00028,2026-08-03,0,web,build,pr,185,passed,0
b-00029,2026-08-03,0,web,unit,main,276,passed,0
b-00030,2026-08-03,0,web,unit,pr,216,passed,0
b-00031,2026-08-03,0,web,unit,main,184,passed,0
b-00032,2026-08-03,0,web,e2e,pr,1027,passed,0
b-00033,2026-08-03,0,web,e2e,pr,1345,passed,0
b-00034,2026-08-03,0,web,e2e,main,909,passed,0
b-00035,2026-08-03,0,infra,build,main,42,failed,1
b-00036,2026-08-03,0,infra,build,main,76,passed,0
b-00037,2026-08-03,0,infra,build,pr,76,passed,0
b-00038,2026-08-03,0,infra,build,pr,82,passed,0
b-00039,2026-08-03,0,infra,build,main,79,passed,0
b-00040,2026-08-03,0,infra,build,main,123,passed,0
b-00041,2026-08-03,0,infra,plan,pr,434,passed,0
b-00042,2026-08-03,0,infra,plan,main,249,passed,0
b-00043,2026-08-03,0,infra,plan,pr,280,passed,0
b-00044,2026-08-03,0,infra,plan,pr,246,passed,0
b-00045,2026-08-03,0,infra,plan,pr,386,passed,0
b-00046,2026-08-03,0,infra,plan,pr,428,passed,0
b-00047,2026-08-03,0,ml-svc,unit,main,334,passed,0
b-00048,2026-08-03,0,ml-svc,unit,main,471,passed,0
b-00049,2026-08-03,0,ml-svc,unit,main,968,passed,0
b-00050,2026-08-03,0,ml-svc,unit,pr,207,passed,0
b-00051,2026-08-03,0,ml-svc,unit,main,614,passed,0
b-00052,2026-08-03,0,ml-svc,unit,pr,359,passed,0
b-00053,2026-08-03,0,ml-svc,train-smoke,pr,1453,passed,0
b-00054,2026-08-03,0,ml-svc,train-smoke,pr,2584,passed,0
b-00055,2026-08-03,0,ml-svc,train-smoke,pr,1592,passed,0
b-00056,2026-08-04,1,core-api,build,main,53,passed,0
b-00057,2026-08-04,1,core-api,build,main,314,passed,0
b-00058,2026-08-04,1,core-api,build,pr,261,passed,0
b-00059,2026-08-04,1,core-api,build,pr,197,passed,0
b-00060,2026-08-04,1,core-api,build,pr,213,passed,0
b-00061,2026-08-04,1,core-api,build,pr,247,passed,0
b-00062,2026-08-04,1,core-api,build,pr,374,passed,0
b-00063,2026-08-04,1,core-api,unit,main,138,passed,0
b-00064,2026-08-04,1,core-api,unit,pr,331,passed,0
b-00065,2026-08-04,1,core-api,unit,pr,352,passed,0
b-00066,2026-08-04,1,core-api,integration,pr,1157,failed,3
b-00067,2026-08-04,1,core-api,integration,pr,531,passed,0
b-00068,2026-08-04,1,core-api,integration,pr,1442,passed,0
b-00069,2026-08-04,1,web,build,main,84,passed,0
b-00070,2026-08-04,1,web,build,pr,233,passed,0
b-00071,2026-08-04,1,web,build,main,98,passed,0
b-00072,2026-08-04,1,web,build,pr,170,passed,0
b-00073,2026-08-04,1,web,build,pr,136,passed,0
b-00074,2026-08-04,1,web,build,pr,166,passed,0
b-00075,2026-08-04,1,web,build,pr,192,passed,0
b-00076,2026-08-04,1,web,unit,pr,181,passed,0
b-00077,2026-08-04,1,web,unit,pr,170,passed,0
b-00078,2026-08-04,1,web,unit,pr,177,passed,0
b-00079,2026-08-04,1,web,unit,pr,94,passed,0
b-00080,2026-08-04,1,web,unit,pr,236,passed,0
b-00081,2026-08-04,1,web,unit,pr,311,passed,0
b-00082,2026-08-04,1,web,unit,pr,144,passed,0
b-00083,2026-08-04,1,web,unit,pr,178,passed,0
b-00084,2026-08-04,1,web,e2e,pr,1021,passed,0
b-00085,2026-08-04,1,web,e2e,pr,2208,passed,0
b-00086,2026-08-04,1,web,e2e,main,751,passed,0
b-00087,2026-08-04,1,web,e2e,main,1892,passed,0
b-00088,2026-08-04,1,web,e2e,pr,1446,passed,0
b-00089,2026-08-04,1,web,e2e,pr,1899,failed,2
b-00090,2026-08-04,1,web,e2e,main,1414,failed,3
b-00091,2026-08-04,1,web,e2e,main,1925,passed,0
b-00092,2026-08-04,1,web,e2e,main,1809,passed,0
b-00093,2026-08-04,1,infra,build,pr,127,passed,0
b-00094,2026-08-04,1,infra,build,main,80,passed,0
b-00095,2026-08-04,1,infra,build,main,128,passed,0
b-00096,2026-08-04,1,infra,build,main,98,passed,0
b-00097,2026-08-04,1,infra,plan,main,192,passed,0
b-00098,2026-08-04,1,infra,plan,pr,391,passed,0
b-00099,2026-08-04,1,infra,plan,main,471,passed,0
b-00100,2026-08-04,1,infra,plan,pr,228,passed,0
b-00101,2026-08-04,1,infra,plan,main,190,passed,0
b-00102,2026-08-04,1,infra,plan,main,476,passed,0
b-00103,2026-08-04,1,infra,plan,main,358,passed,0
b-00104,2026-08-04,1,infra,plan,pr,320,passed,0
b-00105,2026-08-04,1,ml-svc,unit,main,487,passed,0
b-00106,2026-08-04,1,ml-svc,unit,main,451,passed,0
b-00107,2026-08-04,1,ml-svc,unit,pr,507,passed,0
b-00108,2026-08-04,1,ml-svc,unit,pr,659,passed,0
b-00109,2026-08-04,1,ml-svc,unit,main,650,passed,0
b-00110,2026-08-04,1,ml-svc,unit,pr,543,passed,0
b-00111,2026-08-04,1,ml-svc,unit,pr,440,passed,0
b-00112,2026-08-04,1,ml-svc,unit,pr,463,passed,0
b-00113,2026-08-04,1,ml-svc,unit,pr,474,passed,0
b-00114,2026-08-04,1,ml-svc,train-smoke,main,2047,passed,0
b-00115,2026-08-04,1,ml-svc,train-smoke,pr,2219,passed,0
b-00116,2026-08-04,1,ml-svc,train-smoke,pr,2166,passed,0
b-00117,2026-08-04,1,ml-svc,train-smoke,pr,2144,passed,0
b-00118,2026-08-04,1,ml-svc,train-smoke,main,1424,passed,0
b-00119,2026-08-05,2,core-api,build,pr,242,passed,0
b-00120,2026-08-05,2,core-api,build,pr,201,passed,0
b-00121,2026-08-05,2,core-api,build,pr,148,passed,0
b-00122,2026-08-05,2,core-api,build,pr,300,passed,0
b-00123,2026-08-05,2,core-api,build,pr,140,passed,0
b-00124,2026-08-05,2,core-api,build,pr,131,passed,0
b-00125,2026-08-05,2,core-api,build,main,185,passed,0
b-00126,2026-08-05,2,core-api,build,main,346,passed,0
b-00127,2026-08-05,2,core-api,build,main,314,passed,0
b-00128,2026-08-05,2,core-api,unit,pr,475,passed,0
b-00129,2026-08-05,2,core-api,unit,pr,511,passed,0
b-00130,2026-08-05,2,core-api,unit,main,307,passed,0
b-00131,2026-08-05,2,core-api,unit,pr,655,passed,0
b-00132,2026-08-05,2,core-api,unit,pr,430,passed,0
b-00133,2026-08-05,2,core-api,unit,pr,474,passed,0
b-00134,2026-08-05,2,core-api,unit,pr,504,passed,0
b-00135,2026-08-05,2,core-api,integration,pr,851,passed,0
b-00136,2026-08-05,2,core-api,integration,pr,515,passed,0
b-00137,2026-08-05,2,core-api,integration,main,1000,passed,0
b-00138,2026-08-05,2,core-api,integration,pr,431,passed,0
b-00139,2026-08-05,2,web,build,main,113,failed,3
b-00140,2026-08-05,2,web,build,pr,98,passed,0
b-00141,2026-08-05,2,web,build,pr,172,passed,0
b-00142,2026-08-05,2,web,build,pr,181,passed,0
b-00143,2026-08-05,2,web,build,pr,103,passed,0
b-00144,2026-08-05,2,web,build,pr,195,passed,0
b-00145,2026-08-05,2,web,build,main,150,passed,0
b-00146,2026-08-05,2,web,unit,pr,233,passed,0
b-00147,2026-08-05,2,web,unit,pr,209,passed,0
b-00148,2026-08-05,2,web,unit,pr,235,passed,0
b-00149,2026-08-05,2,web,unit,pr,256,passed,0
b-00150,2026-08-05,2,web,unit,pr,203,passed,0
b-00151,2026-08-05,2,web,unit,pr,235,passed,0
b-00152,2026-08-05,2,web,unit,main,237,passed,0
b-00153,2026-08-05,2,web,e2e,pr,1949,passed,0
b-00154,2026-08-05,2,web,e2e,main,1400,passed,0
b-00155,2026-08-05,2,web,e2e,pr,1927,passed,0
b-00156,2026-08-05,2,web,e2e,main,1577,passed,0
b-00157,2026-08-05,2,web,e2e,main,856,passed,0
b-00158,2026-08-05,2,web,e2e,main,1856,passed,0
b-00159,2026-08-05,2,web,e2e,pr,1028,passed,0
b-00160,2026-08-05,2,web,e2e,main,1522,passed,0
b-00161,2026-08-05,2,web,e2e,pr,1151,passed,0
b-00162,2026-08-05,2,infra,build,main,111,passed,0
b-00163,2026-08-05,2,infra,build,pr,84,passed,0
b-00164,2026-08-05,2,infra,build,main,91,passed,0
b-00165,2026-08-05,2,infra,build,pr,53,passed,0
b-00166,2026-08-05,2,infra,build,pr,121,passed,0
b-00167,2026-08-05,2,infra,build,main,99,passed,0
b-00168,2026-08-05,2,infra,build,main,68,passed,0
b-00169,2026-08-05,2,infra,plan,main,391,passed,0
b-00170,2026-08-05,2,infra,plan,main,401,passed,0
b-00171,2026-08-05,2,infra,plan,main,446,passed,0
b-00172,2026-08-05,2,ml-svc,unit,main,582,passed,0
b-00173,2026-08-05,2,ml-svc,unit,main,424,passed,0
b-00174,2026-08-05,2,ml-svc,unit,main,509,passed,0
b-00175,2026-08-05,2,ml-svc,unit,pr,915,passed,0
b-00176,2026-08-05,2,ml-svc,unit,pr,510,passed,0
b-00177,2026-08-05,2,ml-svc,train-smoke,pr,2083,passed,0
b-00178,2026-08-05,2,ml-svc,train-smoke,pr,1493,passed,0
b-00179,2026-08-05,2,ml-svc,train-smoke,main,1171,passed,0
b-00180,2026-08-06,3,core-api,build,pr,235,passed,0
b-00181,2026-08-06,3,core-api,build,pr,194,passed,0
b-00182,2026-08-06,3,core-api,build,pr,194,passed,0
b-00183,2026-08-06,3,core-api,build,main,275,passed,0
b-00184,2026-08-06,3,core-api,build,pr,217,passed,0
b-00185,2026-08-06,3,core-api,build,main,196,passed,0
b-00186,2026-08-06,3,core-api,build,pr,380,passed,0
b-00187,2026-08-06,3,core-api,unit,pr,520,passed,0
b-00188,2026-08-06,3,core-api,unit,pr,163,passed,0
b-00189,2026-08-06,3,core-api,unit,main,540,passed,0
b-00190,2026-08-06,3,core-api,unit,pr,156,passed,0
b-00191,2026-08-06,3,core-api,unit,pr,442,passed,0
b-00192,2026-08-06,3,core-api,unit,pr,424,passed,0
b-00193,2026-08-06,3,core-api,unit,main,609,passed,0
b-00194,2026-08-06,3,core-api,integration,main,1152,passed,1
b-00195,2026-08-06,3,core-api,integration,pr,1306,passed,0
b-00196,2026-08-06,3,core-api,integration,pr,573,passed,0
b-00197,2026-08-06,3,web,build,pr,206,passed,0
b-00198,2026-08-06,3,web,build,pr,148,passed,0
b-00199,2026-08-06,3,web,build,main,199,passed,0
b-00200,2026-08-06,3,web,unit,pr,319,passed,0
b-00201,2026-08-06,3,web,unit,main,171,passed,0
b-00202,2026-08-06,3,web,unit,main,181,passed,0
b-00203,2026-08-06,3,web,unit,main,146,passed,0
b-00204,2026-08-06,3,web,unit,main,146,passed,0
b-00205,2026-08-06,3,web,unit,pr,144,passed,0
b-00206,2026-08-06,3,web,e2e,main,953,passed,0
b-00207,2026-08-06,3,web,e2e,pr,1863,passed,0
b-00208,2026-08-06,3,web,e2e,main,1497,passed,0
b-00209,2026-08-06,3,web,e2e,main,1161,passed,0
b-00210,2026-08-06,3,web,e2e,main,1300,passed,0
b-00211,2026-08-06,3,web,e2e,pr,875,passed,0
b-00212,2026-08-06,3,web,e2e,main,1819,passed,0
b-00213,2026-08-06,3,web,e2e,main,1636,passed,0
b-00214,2026-08-06,3,infra,build,main,57,passed,0
b-00215,2026-08-06,3,infra,build,main,103,passed,0
b-00216,2026-08-06,3,infra,build,pr,94,passed,0
b-00217,2026-08-06,3,infra,build,pr,73,passed,0
b-00218,2026-08-06,3,infra,build,pr,88,passed,0
b-00219,2026-08-06,3,infra,build,pr,72,passed,0
b-00220,2026-08-06,3,infra,build,main,104,passed,0
b-00221,2026-08-06,3,infra,plan,pr,336,passed,0
b-00222,2026-08-06,3,infra,plan,pr,239,passed,0
b-00223,2026-08-06,3,infra,plan,pr,464,passed,0
b-00224,2026-08-06,3,infra,plan,main,338,passed,0
b-00225,2026-08-06,3,infra,plan,pr,325,passed,0
b-00226,2026-08-06,3,infra,plan,pr,339,passed,0
b-00227,2026-08-06,3,infra,plan,pr,349,passed,0
b-00228,2026-08-06,3,ml-svc,unit,pr,603,passed,0
b-00229,2026-08-06,3,ml-svc,unit,pr,525,passed,0
b-00230,2026-08-06,3,ml-svc,unit,pr,689,passed,0
b-00231,2026-08-06,3,ml-svc,unit,pr,813,passed,0
b-00232,2026-08-06,3,ml-svc,unit,pr,563,passed,0
b-00233,2026-08-06,3,ml-svc,unit,pr,472,passed,0
b-00234,2026-08-06,3,ml-svc,unit,pr,496,passed,0
b-00235,2026-08-06,3,ml-svc,unit,pr,796,passed,0
b-00236,2026-08-06,3,ml-svc,train-smoke,pr,1917,passed,0
b-00237,2026-08-06,3,ml-svc,train-smoke,main,2639,passed,0
b-00238,2026-08-06,3,ml-svc,train-smoke,main,1767,passed,0
b-00239,2026-08-07,4,core-api,build,main,224,passed,0
b-00240,2026-08-07,4,core-api,build,main,225,passed,0
b-00241,2026-08-07,4,core-api,build,main,213,passed,0
b-00242,2026-08-07,4,core-api,build,main,222,passed,0
b-00243,2026-08-07,4,core-api,build,pr,299,passed,0
b-00244,2026-08-07,4,core-api,build,main,163,passed,0
b-00245,2026-08-07,4,core-api,build,pr,192,passed,3
b-00246,2026-08-07,4,core-api,build,pr,216,failed,3
b-00247,2026-08-07,4,core-api,build,pr,176,passed,0
b-00248,2026-08-07,4,core-api,unit,pr,332,passed,0
b-00249,2026-08-07,4,core-api,unit,pr,462,passed,0
b-00250,2026-08-07,4,core-api,unit,pr,414,passed,0
b-00251,2026-08-07,4,core-api,integration,main,1216,passed,0
b-00252,2026-08-07,4,core-api,integration,pr,1371,passed,0
b-00253,2026-08-07,4,core-api,integration,pr,1092,passed,0
b-00254,2026-08-07,4,core-api,integration,main,928,passed,0
b-00255,2026-08-07,4,core-api,integration,main,995,passed,0
b-00256,2026-08-07,4,core-api,integration,main,1652,passed,0
b-00257,2026-08-07,4,core-api,integration,main,979,passed,0
b-00258,2026-08-07,4,core-api,integration,pr,1396,passed,0
b-00259,2026-08-07,4,core-api,integration,pr,541,passed,0
b-00260,2026-08-07,4,web,build,pr,142,passed,0
b-00261,2026-08-07,4,web,build,main,179,passed,0
b-00262,2026-08-07,4,web,build,pr,167,passed,0
b-00263,2026-08-07,4,web,unit,main,117,passed,0
b-00264,2026-08-07,4,web,unit,main,211,passed,0
b-00265,2026-08-07,4,web,unit,main,99,passed,2
b-00266,2026-08-07,4,web,unit,pr,213,passed,0
b-00267,2026-08-07,4,web,unit,main,247,passed,0
b-00268,2026-08-07,4,web,e2e,main,1496,passed,0
b-00269,2026-08-07,4,web,e2e,pr,1905,passed,0
b-00270,2026-08-07,4,web,e2e,pr,1011,passed,0
b-00271,2026-08-07,4,infra,build,pr,97,passed,0
b-00272,2026-08-07,4,infra,build,main,56,passed,0
b-00273,2026-08-07,4,infra,build,main,112,passed,0
b-00274,2026-08-07,4,infra,build,pr,116,passed,0
b-00275,2026-08-07,4,infra,build,main,83,passed,0
b-00276,2026-08-07,4,infra,plan,pr,322,passed,0
b-00277,2026-08-07,4,infra,plan,main,107,passed,0
b-00278,2026-08-07,4,infra,plan,main,114,passed,0
b-00279,2026-08-07,4,infra,plan,pr,373,passed,0
b-00280,2026-08-07,4,infra,plan,pr,348,passed,0
b-00281,2026-08-07,4,infra,plan,pr,418,passed,0
b-00282,2026-08-07,4,infra,plan,main,210,passed,0
b-00283,2026-08-07,4,infra,plan,main,233,passed,0
b-00284,2026-08-07,4,infra,plan,pr,577,passed,0
b-00285,2026-08-07,4,ml-svc,unit,pr,655,passed,0
b-00286,2026-08-07,4,ml-svc,unit,pr,836,passed,0
b-00287,2026-08-07,4,ml-svc,unit,pr,374,passed,0
b-00288,2026-08-07,4,ml-svc,unit,main,381,passed,0
b-00289,2026-08-07,4,ml-svc,unit,main,378,passed,0
b-00290,2026-08-07,4,ml-svc,unit,main,330,passed,0
b-00291,2026-08-07,4,ml-svc,train-smoke,main,1345,passed,0
b-00292,2026-08-07,4,ml-svc,train-smoke,main,2189,passed,0
b-00293,2026-08-07,4,ml-svc,train-smoke,pr,2159,passed,0
b-00294,2026-08-07,4,ml-svc,train-smoke,main,2298,passed,0
b-00295,2026-08-07,4,ml-svc,train-smoke,main,1566,passed,0
b-00296,2026-08-07,4,ml-svc,train-smoke,main,1291,passed,0
b-00297,2026-08-07,4,ml-svc,train-smoke,pr,1756,passed,0
b-00298,2026-08-08,5,core-api,build,pr,271,passed,0
b-00299,2026-08-08,5,core-api,build,main,188,passed,0
b-00300,2026-08-08,5,core-api,build,pr,233,passed,0
b-00301,2026-08-08,5,core-api,build,main,405,passed,0
b-00302,2026-08-08,5,core-api,unit,pr,250,passed,0
b-00303,2026-08-08,5,core-api,unit,pr,502,passed,0
b-00304,2026-08-08,5,core-api,unit,main,526,passed,0
b-00305,2026-08-08,5,core-api,unit,pr,301,passed,0
b-00306,2026-08-08,5,core-api,integration,pr,1381,passed,0
b-00307,2026-08-08,5,core-api,integration,pr,998,failed,3
b-00308,2026-08-08,5,core-api,integration,main,1500,passed,0
b-00309,2026-08-08,5,web,build,pr,157,passed,0
b-00310,2026-08-08,5,web,build,pr,197,passed,0
b-00311,2026-08-08,5,web,build,main,171,passed,0
b-00312,2026-08-08,5,web,build,main,139,passed,0
b-00313,2026-08-08,5,web,build,pr,46,passed,0
b-00314,2026-08-08,5,web,build,pr,127,passed,0
b-00315,2026-08-08,5,web,unit,main,204,passed,0
b-00316,2026-08-08,5,web,unit,main,225,passed,1
b-00317,2026-08-08,5,web,unit,pr,82,passed,0
b-00318,2026-08-08,5,web,e2e,pr,1846,passed,0
b-00319,2026-08-08,5,web,e2e,pr,1567,passed,0
b-00320,2026-08-08,5,web,e2e,pr,1563,passed,0
b-00321,2026-08-08,5,web,e2e,pr,2156,passed,0
b-00322,2026-08-08,5,web,e2e,main,1332,failed,3
b-00323,2026-08-08,5,web,e2e,main,1336,passed,0
b-00324,2026-08-08,5,infra,build,pr,102,passed,0
b-00325,2026-08-08,5,infra,build,main,62,passed,0
b-00326,2026-08-08,5,infra,build,pr,103,passed,0
b-00327,2026-08-08,5,infra,build,pr,87,passed,0
b-00328,2026-08-08,5,infra,build,main,121,passed,0
b-00329,2026-08-08,5,infra,build,main,95,passed,0
b-00330,2026-08-08,5,infra,build,main,97,passed,0
b-00331,2026-08-08,5,infra,build,main,109,passed,0
b-00332,2026-08-08,5,infra,build,pr,128,passed,0
b-00333,2026-08-08,5,infra,plan,pr,209,passed,0
b-00334,2026-08-08,5,infra,plan,main,273,passed,0
b-00335,2026-08-08,5,infra,plan,main,360,passed,0
b-00336,2026-08-08,5,infra,plan,pr,316,passed,0
b-00337,2026-08-08,5,infra,plan,main,223,passed,0
b-00338,2026-08-08,5,ml-svc,unit,pr,638,passed,0
b-00339,2026-08-08,5,ml-svc,unit,pr,357,passed,0
b-00340,2026-08-08,5,ml-svc,unit,pr,649,passed,0
b-00341,2026-08-08,5,ml-svc,unit,main,519,passed,0
b-00342,2026-08-08,5,ml-svc,unit,main,775,passed,0
b-00343,2026-08-08,5,ml-svc,unit,main,621,passed,0
b-00344,2026-08-08,5,ml-svc,unit,pr,560,passed,0
b-00345,2026-08-08,5,ml-svc,unit,main,609,passed,0
b-00346,2026-08-08,5,ml-svc,unit,pr,342,passed,0
b-00347,2026-08-08,5,ml-svc,train-smoke,main,1336,passed,0
b-00348,2026-08-08,5,ml-svc,train-smoke,pr,1460,passed,0
b-00349,2026-08-08,5,ml-svc,train-smoke,pr,670,passed,0
b-00350,2026-08-08,5,ml-svc,train-smoke,main,1862,passed,0
b-00351,2026-08-08,5,ml-svc,train-smoke,pr,1633,passed,0
b-00352,2026-08-08,5,ml-svc,train-smoke,pr,1290,passed,0
b-00353,2026-08-08,5,ml-svc,train-smoke,main,935,passed,0
b-00354,2026-08-08,5,ml-svc,train-smoke,pr,1618,passed,0
b-00355,2026-08-09,6,core-api,build,main,291,passed,0
b-00356,2026-08-09,6,core-api,build,pr,298,passed,0
b-00357,2026-08-09,6,core-api,build,main,216,passed,0
b-00358,2026-08-09,6,core-api,build,pr,356,failed,3
b-00359,2026-08-09,6,core-api,unit,pr,238,passed,0
b-00360,2026-08-09,6,core-api,unit,main,439,passed,0
b-00361,2026-08-09,6,core-api,unit,main,462,passed,0
b-00362,2026-08-09,6,core-api,unit,pr,542,passed,0
b-00363,2026-08-09,6,core-api,unit,pr,636,passed,0
b-00364,2026-08-09,6,core-api,integration,pr,673,passed,2
b-00365,2026-08-09,6,core-api,integration,main,620,passed,0
b-00366,2026-08-09,6,core-api,integration,main,1522,passed,0
b-00367,2026-08-09,6,web,build,pr,105,passed,0
b-00368,2026-08-09,6,web,build,pr,179,passed,0
b-00369,2026-08-09,6,web,build,main,111,passed,0
b-00370,2026-08-09,6,web,build,pr,170,passed,0
b-00371,2026-08-09,6,web,build,main,119,passed,0
b-00372,2026-08-09,6,web,build,pr,178,passed,0
b-00373,2026-08-09,6,web,build,pr,208,passed,0
b-00374,2026-08-09,6,web,build,pr,145,passed,0
b-00375,2026-08-09,6,web,build,main,201,passed,0
b-00376,2026-08-09,6,web,unit,main,185,passed,0
b-00377,2026-08-09,6,web,unit,main,241,passed,0
b-00378,2026-08-09,6,web,unit,main,212,passed,0
b-00379,2026-08-09,6,web,unit,pr,183,passed,0
b-00380,2026-08-09,6,web,e2e,pr,425,failed,3
b-00381,2026-08-09,6,web,e2e,pr,1650,passed,0
b-00382,2026-08-09,6,web,e2e,main,1107,passed,0
b-00383,2026-08-09,6,infra,build,pr,67,passed,0
b-00384,2026-08-09,6,infra,build,pr,84,passed,0
b-00385,2026-08-09,6,infra,build,pr,95,passed,0
b-00386,2026-08-09,6,infra,build,pr,87,passed,0
b-00387,2026-08-09,6,infra,plan,pr,395,passed,0
b-00388,2026-08-09,6,infra,plan,pr,362,passed,0
b-00389,2026-08-09,6,infra,plan,pr,267,passed,0
b-00390,2026-08-09,6,infra,plan,main,318,passed,0
b-00391,2026-08-09,6,infra,plan,pr,385,passed,0
b-00392,2026-08-09,6,ml-svc,unit,main,458,passed,0
b-00393,2026-08-09,6,ml-svc,unit,pr,718,passed,0
b-00394,2026-08-09,6,ml-svc,unit,main,521,passed,0
b-00395,2026-08-09,6,ml-svc,unit,pr,609,passed,0
b-00396,2026-08-09,6,ml-svc,unit,main,628,passed,0
b-00397,2026-08-09,6,ml-svc,unit,pr,245,passed,0
b-00398,2026-08-09,6,ml-svc,train-smoke,pr,467,passed,0
b-00399,2026-08-09,6,ml-svc,train-smoke,main,1134,passed,0
b-00400,2026-08-09,6,ml-svc,train-smoke,main,1945,passed,0
b-00401,2026-08-09,6,ml-svc,train-smoke,pr,2730,passed,0
b-00402,2026-08-10,7,core-api,build,main,212,passed,0
b-00403,2026-08-10,7,core-api,build,main,279,passed,0
b-00404,2026-08-10,7,core-api,build,pr,207,passed,2
b-00405,2026-08-10,7,core-api,unit,pr,533,passed,0
b-00406,2026-08-10,7,core-api,unit,pr,412,passed,0
b-00407,2026-08-10,7,core-api,unit,pr,571,passed,0
b-00408,2026-08-10,7,core-api,unit,main,616,passed,0
b-00409,2026-08-10,7,core-api,unit,pr,320,passed,0
b-00410,2026-08-10,7,core-api,unit,pr,309,passed,0
b-00411,2026-08-10,7,core-api,unit,main,442,passed,0
b-00412,2026-08-10,7,core-api,unit,pr,403,passed,0
b-00413,2026-08-10,7,core-api,integration,main,1175,passed,0
b-00414,2026-08-10,7,core-api,integration,pr,1181,passed,0
b-00415,2026-08-10,7,core-api,integration,main,449,passed,0
b-00416,2026-08-10,7,core-api,integration,main,779,passed,0
b-00417,2026-08-10,7,core-api,integration,pr,903,passed,0
b-00418,2026-08-10,7,web,build,pr,200,passed,0
b-00419,2026-08-10,7,web,build,pr,120,passed,0
b-00420,2026-08-10,7,web,build,pr,108,passed,0
b-00421,2026-08-10,7,web,build,main,83,passed,0
b-00422,2026-08-10,7,web,build,main,123,passed,0
b-00423,2026-08-10,7,web,unit,pr,148,passed,0
b-00424,2026-08-10,7,web,unit,main,181,passed,0
b-00425,2026-08-10,7,web,unit,main,189,passed,0
b-00426,2026-08-10,7,web,unit,pr,265,failed,3
b-00427,2026-08-10,7,web,unit,main,302,passed,0
b-00428,2026-08-10,7,web,e2e,pr,1141,passed,3
b-00429,2026-08-10,7,web,e2e,pr,1501,passed,0
b-00430,2026-08-10,7,web,e2e,pr,2220,passed,0
b-00431,2026-08-10,7,web,e2e,main,992,passed,3
b-00432,2026-08-10,7,web,e2e,pr,818,passed,0
b-00433,2026-08-10,7,web,e2e,pr,1122,passed,0
b-00434,2026-08-10,7,infra,build,pr,104,passed,0
b-00435,2026-08-10,7,infra,build,pr,99,passed,0
b-00436,2026-08-10,7,infra,build,main,109,passed,0
b-00437,2026-08-10,7,infra,build,main,96,passed,0
b-00438,2026-08-10,7,infra,build,pr,122,passed,0
b-00439,2026-08-10,7,infra,build,pr,59,passed,0
b-00440,2026-08-10,7,infra,build,main,43,passed,0
b-00441,2026-08-10,7,infra,plan,pr,187,passed,0
b-00442,2026-08-10,7,infra,plan,pr,398,passed,1
b-00443,2026-08-10,7,infra,plan,main,163,passed,0
b-00444,2026-08-10,7,infra,plan,main,259,passed,0
b-00445,2026-08-10,7,infra,plan,pr,97,passed,0
b-00446,2026-08-10,7,ml-svc,unit,main,288,passed,0
b-00447,2026-08-10,7,ml-svc,unit,main,721,passed,0
b-00448,2026-08-10,7,ml-svc,unit,pr,639,passed,0
b-00449,2026-08-10,7,ml-svc,unit,pr,601,passed,0
b-00450,2026-08-10,7,ml-svc,unit,pr,684,passed,0
b-00451,2026-08-10,7,ml-svc,train-smoke,main,1396,passed,0
b-00452,2026-08-10,7,ml-svc,train-smoke,main,1649,passed,0
b-00453,2026-08-10,7,ml-svc,train-smoke,pr,2271,passed,0
b-00454,2026-08-10,7,ml-svc,train-smoke,pr,961,passed,0
b-00455,2026-08-10,7,ml-svc,train-smoke,pr,1316,passed,0
b-00456,2026-08-10,7,ml-svc,train-smoke,pr,2115,passed,0
b-00457,2026-08-10,7,ml-svc,train-smoke,pr,1906,passed,0
b-00458,2026-08-10,7,ml-svc,train-smoke,pr,1655,passed,0
b-00459,2026-08-10,7,ml-svc,train-smoke,main,1921,passed,0
b-00460,2026-08-11,8,core-api,build,pr,266,passed,0
b-00461,2026-08-11,8,core-api,build,main,267,passed,0
b-00462,2026-08-11,8,core-api,build,pr,276,passed,0
b-00463,2026-08-11,8,core-api,build,main,192,passed,0
b-00464,2026-08-11,8,core-api,build,pr,261,passed,0
b-00465,2026-08-11,8,core-api,build,pr,323,passed,0
b-00466,2026-08-11,8,core-api,unit,pr,268,passed,0
b-00467,2026-08-11,8,core-api,unit,main,404,passed,0
b-00468,2026-08-11,8,core-api,unit,main,360,passed,0
b-00469,2026-08-11,8,core-api,unit,main,279,passed,0
b-00470,2026-08-11,8,core-api,unit,main,377,passed,0
b-00471,2026-08-11,8,core-api,integration,pr,931,passed,0
b-00472,2026-08-11,8,core-api,integration,pr,975,passed,0
b-00473,2026-08-11,8,core-api,integration,pr,1076,passed,0
b-00474,2026-08-11,8,core-api,integration,pr,950,failed,2
b-00475,2026-08-11,8,web,build,main,173,passed,3
b-00476,2026-08-11,8,web,build,main,125,passed,0
b-00477,2026-08-11,8,web,build,pr,177,passed,0
b-00478,2026-08-11,8,web,build,pr,150,passed,0
b-00479,2026-08-11,8,web,build,pr,83,passed,0
b-00480,2026-08-11,8,web,build,pr,198,passed,0
b-00481,2026-08-11,8,web,build,pr,244,passed,0
b-00482,2026-08-11,8,web,build,main,164,passed,0
b-00483,2026-08-11,8,web,unit,pr,224,passed,0
b-00484,2026-08-11,8,web,unit,pr,169,passed,0
b-00485,2026-08-11,8,web,unit,pr,169,passed,0
b-00486,2026-08-11,8,web,unit,main,326,passed,0
b-00487,2026-08-11,8,web,unit,main,142,passed,0
b-00488,2026-08-11,8,web,unit,pr,194,passed,0
b-00489,2026-08-11,8,web,unit,pr,278,passed,0
b-00490,2026-08-11,8,web,e2e,main,1273,passed,0
b-00491,2026-08-11,8,web,e2e,main,1643,passed,0
b-00492,2026-08-11,8,web,e2e,main,2040,passed,0
b-00493,2026-08-11,8,web,e2e,pr,1672,passed,0
b-00494,2026-08-11,8,infra,build,pr,79,passed,0
b-00495,2026-08-11,8,infra,build,main,58,passed,0
b-00496,2026-08-11,8,infra,build,main,72,passed,0
b-00497,2026-08-11,8,infra,plan,pr,108,passed,0
b-00498,2026-08-11,8,infra,plan,pr,275,passed,0
b-00499,2026-08-11,8,infra,plan,main,323,passed,0
b-00500,2026-08-11,8,infra,plan,main,390,passed,0
b-00501,2026-08-11,8,infra,plan,pr,412,passed,0
b-00502,2026-08-11,8,ml-svc,unit,pr,754,passed,0
b-00503,2026-08-11,8,ml-svc,unit,pr,526,passed,0
b-00504,2026-08-11,8,ml-svc,unit,pr,427,passed,0
b-00505,2026-08-11,8,ml-svc,unit,pr,229,passed,0
b-00506,2026-08-11,8,ml-svc,unit,pr,859,passed,0
b-00507,2026-08-11,8,ml-svc,unit,main,569,passed,0
b-00508,2026-08-11,8,ml-svc,unit,pr,630,passed,0
b-00509,2026-08-11,8,ml-svc,train-smoke,main,1760,passed,0
b-00510,2026-08-11,8,ml-svc,train-smoke,pr,1501,passed,0
b-00511,2026-08-11,8,ml-svc,train-smoke,main,1470,passed,0
b-00512,2026-08-11,8,ml-svc,train-smoke,pr,2165,passed,0
b-00513,2026-08-11,8,ml-svc,train-smoke,pr,1418,passed,0
b-00514,2026-08-11,8,ml-svc,train-smoke,pr,1663,passed,0
b-00515,2026-08-12,9,core-api,build,pr,164,passed,0
b-00516,2026-08-12,9,core-api,build,pr,247,passed,0
b-00517,2026-08-12,9,core-api,build,pr,260,passed,0
b-00518,2026-08-12,9,core-api,unit,pr,479,passed,0
b-00519,2026-08-12,9,core-api,unit,pr,666,passed,0
b-00520,2026-08-12,9,core-api,unit,pr,395,passed,0
b-00521,2026-08-12,9,core-api,unit,main,448,passed,0
b-00522,2026-08-12,9,core-api,unit,pr,493,passed,0
b-00523,2026-08-12,9,core-api,unit,main,343,passed,0
b-00524,2026-08-12,9,core-api,unit,main,648,passed,0
b-00525,2026-08-12,9,core-api,unit,pr,413,passed,0
b-00526,2026-08-12,9,core-api,unit,main,560,passed,0
b-00527,2026-08-12,9,core-api,integration,pr,878,passed,0
b-00528,2026-08-12,9,core-api,integration,pr,1530,passed,0
b-00529,2026-08-12,9,core-api,integration,pr,1350,passed,0
b-00530,2026-08-12,9,web,build,main,113,passed,0
b-00531,2026-08-12,9,web,build,main,119,passed,0
b-00532,2026-08-12,9,web,build,pr,204,passed,0
b-00533,2026-08-12,9,web,build,pr,165,passed,0
b-00534,2026-08-12,9,web,build,main,161,passed,0
b-00535,2026-08-12,9,web,build,main,176,passed,0
b-00536,2026-08-12,9,web,unit,pr,278,passed,0
b-00537,2026-08-12,9,web,unit,pr,176,passed,0
b-00538,2026-08-12,9,web,unit,main,272,passed,0
b-00539,2026-08-12,9,web,unit,pr,69,passed,0
b-00540,2026-08-12,9,web,e2e,main,2107,passed,0
b-00541,2026-08-12,9,web,e2e,main,1912,failed,1
b-00542,2026-08-12,9,web,e2e,main,1004,passed,0
b-00543,2026-08-12,9,web,e2e,main,1259,passed,0
b-00544,2026-08-12,9,infra,build,main,71,passed,0
b-00545,2026-08-12,9,infra,build,pr,71,passed,0
b-00546,2026-08-12,9,infra,build,main,58,passed,0
b-00547,2026-08-12,9,infra,build,main,34,passed,0
b-00548,2026-08-12,9,infra,build,pr,131,passed,0
b-00549,2026-08-12,9,infra,build,pr,61,passed,0
b-00550,2026-08-12,9,infra,build,main,95,passed,0
b-00551,2026-08-12,9,infra,plan,pr,313,passed,0
b-00552,2026-08-12,9,infra,plan,pr,163,passed,0
b-00553,2026-08-12,9,infra,plan,main,235,passed,0
b-00554,2026-08-12,9,ml-svc,unit,main,599,passed,0
b-00555,2026-08-12,9,ml-svc,unit,main,647,passed,0
b-00556,2026-08-12,9,ml-svc,unit,main,660,passed,0
b-00557,2026-08-12,9,ml-svc,unit,pr,385,passed,0
b-00558,2026-08-12,9,ml-svc,unit,main,399,passed,0
b-00559,2026-08-12,9,ml-svc,unit,pr,852,passed,0
b-00560,2026-08-12,9,ml-svc,unit,pr,507,passed,0
b-00561,2026-08-12,9,ml-svc,unit,pr,607,passed,0
b-00562,2026-08-12,9,ml-svc,unit,main,810,passed,0
b-00563,2026-08-12,9,ml-svc,train-smoke,main,2231,passed,0
b-00564,2026-08-12,9,ml-svc,train-smoke,main,1600,passed,0
b-00565,2026-08-12,9,ml-svc,train-smoke,pr,1976,passed,0
b-00566,2026-08-12,9,ml-svc,train-smoke,pr,1621,passed,0
b-00567,2026-08-12,9,ml-svc,train-smoke,main,2444,passed,0
b-00568,2026-08-12,9,ml-svc,train-smoke,main,1654,passed,0
b-00569,2026-08-12,9,ml-svc,train-smoke,pr,1525,passed,0
b-00570,2026-08-12,9,ml-svc,train-smoke,pr,1650,passed,0
b-00571,2026-08-12,9,ml-svc,train-smoke,pr,1740,passed,0
b-00572,2026-08-13,10,core-api,build,main,251,passed,0
b-00573,2026-08-13,10,core-api,build,pr,437,passed,0
b-00574,2026-08-13,10,core-api,build,main,150,passed,0
b-00575,2026-08-13,10,core-api,unit,pr,345,passed,0
b-00576,2026-08-13,10,core-api,unit,pr,326,passed,0
b-00577,2026-08-13,10,core-api,unit,pr,232,passed,0
b-00578,2026-08-13,10,core-api,unit,pr,440,passed,0
b-00579,2026-08-13,10,core-api,unit,pr,493,passed,0
b-00580,2026-08-13,10,core-api,integration,pr,915,passed,0
b-00581,2026-08-13,10,core-api,integration,pr,474,passed,0
b-00582,2026-08-13,10,core-api,integration,main,1072,passed,0
b-00583,2026-08-13,10,core-api,integration,pr,816,passed,0
b-00584,2026-08-13,10,core-api,integration,main,649,passed,0
b-00585,2026-08-13,10,core-api,integration,main,782,passed,0
b-00586,2026-08-13,10,web,build,pr,108,passed,0
b-00587,2026-08-13,10,web,build,main,218,passed,0
b-00588,2026-08-13,10,web,build,pr,198,passed,0
b-00589,2026-08-13,10,web,build,pr,165,passed,0
b-00590,2026-08-13,10,web,build,pr,102,passed,0
b-00591,2026-08-13,10,web,build,main,189,passed,0
b-00592,2026-08-13,10,web,build,pr,148,passed,0
b-00593,2026-08-13,10,web,unit,main,102,passed,0
b-00594,2026-08-13,10,web,unit,pr,206,passed,0
b-00595,2026-08-13,10,web,unit,main,238,passed,0
b-00596,2026-08-13,10,web,unit,main,172,passed,0
b-00597,2026-08-13,10,web,unit,pr,253,passed,0
b-00598,2026-08-13,10,web,unit,main,85,passed,0
b-00599,2026-08-13,10,web,unit,pr,170,failed,1
b-00600,2026-08-13,10,web,unit,pr,246,passed,0
b-00601,2026-08-13,10,web,e2e,pr,1485,passed,0
b-00602,2026-08-13,10,web,e2e,pr,1394,passed,0
b-00603,2026-08-13,10,web,e2e,main,1643,passed,0
b-00604,2026-08-13,10,web,e2e,pr,1422,passed,0
b-00605,2026-08-13,10,web,e2e,main,1199,passed,0
b-00606,2026-08-13,10,infra,build,pr,114,passed,0
b-00607,2026-08-13,10,infra,build,pr,71,passed,0
b-00608,2026-08-13,10,infra,build,main,58,passed,0
b-00609,2026-08-13,10,infra,build,main,96,passed,0
b-00610,2026-08-13,10,infra,build,pr,145,passed,0
b-00611,2026-08-13,10,infra,build,pr,57,passed,0
b-00612,2026-08-13,10,infra,build,pr,108,passed,0
b-00613,2026-08-13,10,infra,plan,pr,393,passed,0
b-00614,2026-08-13,10,infra,plan,main,500,passed,0
b-00615,2026-08-13,10,infra,plan,pr,480,passed,0
b-00616,2026-08-13,10,infra,plan,pr,261,passed,0
b-00617,2026-08-13,10,infra,plan,main,360,passed,0
b-00618,2026-08-13,10,ml-svc,unit,main,677,passed,0
b-00619,2026-08-13,10,ml-svc,unit,pr,464,passed,0
b-00620,2026-08-13,10,ml-svc,unit,main,713,passed,0
b-00621,2026-08-13,10,ml-svc,unit,pr,508,passed,0
b-00622,2026-08-13,10,ml-svc,unit,main,306,passed,0
b-00623,2026-08-13,10,ml-svc,unit,pr,571,passed,0
b-00624,2026-08-13,10,ml-svc,train-smoke,main,2039,passed,0
b-00625,2026-08-13,10,ml-svc,train-smoke,pr,1254,passed,0
b-00626,2026-08-13,10,ml-svc,train-smoke,pr,1327,passed,0
b-00627,2026-08-13,10,ml-svc,train-smoke,main,1694,passed,0
b-00628,2026-08-13,10,ml-svc,train-smoke,pr,2535,passed,0
b-00629,2026-08-13,10,ml-svc,train-smoke,main,1559,passed,0
b-00630,2026-08-13,10,ml-svc,train-smoke,pr,1337,passed,0
b-00631,2026-08-13,10,ml-svc,train-smoke,main,1867,passed,0
b-00632,2026-08-13,10,ml-svc,train-smoke,pr,1575,passed,0
b-00633,2026-08-14,11,core-api,build,pr,253,passed,0
b-00634,2026-08-14,11,core-api,build,main,344,passed,0
b-00635,2026-08-14,11,core-api,build,pr,345,passed,0
b-00636,2026-08-14,11,core-api,build,pr,197,passed,0
b-00637,2026-08-14,11,core-api,build,pr,249,passed,0
b-00638,2026-08-14,11,core-api,build,pr,324,passed,0
b-00639,2026-08-14,11,core-api,build,pr,255,passed,0
b-00640,2026-08-14,11,core-api,build,pr,229,passed,0
b-00641,2026-08-14,11,core-api,unit,pr,299,passed,0
b-00642,2026-08-14,11,core-api,unit,main,482,passed,0
b-00643,2026-08-14,11,core-api,unit,pr,347,passed,0
b-00644,2026-08-14,11,core-api,unit,pr,338,passed,0
b-00645,2026-08-14,11,core-api,unit,main,148,passed,0
b-00646,2026-08-14,11,core-api,unit,pr,280,passed,0
b-00647,2026-08-14,11,core-api,unit,pr,400,passed,0
b-00648,2026-08-14,11,core-api,unit,pr,585,passed,0
b-00649,2026-08-14,11,core-api,unit,main,325,passed,0
b-00650,2026-08-14,11,core-api,integration,pr,1163,passed,0
b-00651,2026-08-14,11,core-api,integration,main,976,passed,0
b-00652,2026-08-14,11,core-api,integration,main,829,passed,0
b-00653,2026-08-14,11,core-api,integration,pr,1051,passed,3
b-00654,2026-08-14,11,web,build,pr,259,passed,0
b-00655,2026-08-14,11,web,build,pr,156,passed,0
b-00656,2026-08-14,11,web,build,pr,107,passed,0
b-00657,2026-08-14,11,web,build,pr,211,passed,0
b-00658,2026-08-14,11,web,build,pr,91,passed,0
b-00659,2026-08-14,11,web,build,pr,194,passed,0
b-00660,2026-08-14,11,web,unit,pr,298,passed,0
b-00661,2026-08-14,11,web,unit,pr,278,passed,0
b-00662,2026-08-14,11,web,unit,pr,117,passed,0
b-00663,2026-08-14,11,web,unit,pr,190,passed,0
b-00664,2026-08-14,11,web,unit,main,248,passed,0
b-00665,2026-08-14,11,web,unit,pr,340,passed,0
b-00666,2026-08-14,11,web,unit,main,224,passed,0
b-00667,2026-08-14,11,web,e2e,main,953,passed,0
b-00668,2026-08-14,11,web,e2e,pr,2104,passed,0
b-00669,2026-08-14,11,web,e2e,pr,1537,passed,0
b-00670,2026-08-14,11,infra,build,main,65,passed,0
b-00671,2026-08-14,11,infra,build,main,94,passed,0
b-00672,2026-08-14,11,infra,build,pr,103,passed,0
b-00673,2026-08-14,11,infra,build,main,67,passed,0
b-00674,2026-08-14,11,infra,build,pr,75,passed,0
b-00675,2026-08-14,11,infra,build,main,109,passed,0
b-00676,2026-08-14,11,infra,build,main,72,passed,0
b-00677,2026-08-14,11,infra,plan,pr,282,passed,0
b-00678,2026-08-14,11,infra,plan,pr,209,passed,0
b-00679,2026-08-14,11,infra,plan,pr,211,passed,0
b-00680,2026-08-14,11,infra,plan,pr,334,passed,0
b-00681,2026-08-14,11,infra,plan,pr,407,passed,0
b-00682,2026-08-14,11,infra,plan,pr,142,passed,0
b-00683,2026-08-14,11,infra,plan,pr,441,passed,0
b-00684,2026-08-14,11,infra,plan,main,415,passed,0
b-00685,2026-08-14,11,ml-svc,unit,pr,594,passed,0
b-00686,2026-08-14,11,ml-svc,unit,pr,367,passed,0
b-00687,2026-08-14,11,ml-svc,unit,main,816,passed,0
b-00688,2026-08-14,11,ml-svc,unit,pr,455,passed,0
b-00689,2026-08-14,11,ml-svc,unit,pr,507,passed,0
b-00690,2026-08-14,11,ml-svc,unit,main,20,passed,0
b-00691,2026-08-14,11,ml-svc,unit,pr,408,passed,0
b-00692,2026-08-14,11,ml-svc,train-smoke,pr,1392,passed,0
b-00693,2026-08-14,11,ml-svc,train-smoke,pr,1466,passed,0
b-00694,2026-08-14,11,ml-svc,train-smoke,main,1152,passed,0
b-00695,2026-08-14,11,ml-svc,train-smoke,pr,2335,passed,0
b-00696,2026-08-14,11,ml-svc,train-smoke,main,1339,passed,0
b-00697,2026-08-14,11,ml-svc,train-smoke,main,1108,passed,0
b-00698,2026-08-14,11,ml-svc,train-smoke,main,1325,passed,0
b-00699,2026-08-14,11,ml-svc,train-smoke,main,1309,passed,0
b-00700,2026-08-15,12,core-api,build,main,171,passed,0
b-00701,2026-08-15,12,core-api,build,pr,318,passed,0
b-00702,2026-08-15,12,core-api,build,main,216,passed,0
b-00703,2026-08-15,12,core-api,build,main,217,passed,0
b-00704,2026-08-15,12,core-api,build,main,201,passed,0
b-00705,2026-08-15,12,core-api,build,pr,362,passed,0
b-00706,2026-08-15,12,core-api,build,pr,259,passed,0
b-00707,2026-08-15,12,core-api,unit,pr,386,passed,0
b-00708,2026-08-15,12,core-api,unit,pr,535,failed,2
b-00709,2026-08-15,12,core-api,unit,pr,445,passed,0
b-00710,2026-08-15,12,core-api,unit,pr,252,passed,0
b-00711,2026-08-15,12,core-api,unit,pr,414,passed,0
b-00712,2026-08-15,12,core-api,unit,pr,353,passed,0
b-00713,2026-08-15,12,core-api,unit,pr,476,passed,0
b-00714,2026-08-15,12,core-api,unit,pr,400,passed,0
b-00715,2026-08-15,12,core-api,integration,pr,1651,passed,0
b-00716,2026-08-15,12,core-api,integration,main,935,passed,0
b-00717,2026-08-15,12,core-api,integration,pr,1460,passed,0
b-00718,2026-08-15,12,core-api,integration,pr,621,passed,0
b-00719,2026-08-15,12,core-api,integration,main,611,passed,0
b-00720,2026-08-15,12,web,build,main,181,passed,0
b-00721,2026-08-15,12,web,build,pr,131,passed,0
b-00722,2026-08-15,12,web,build,pr,196,passed,0
b-00723,2026-08-15,12,web,build,main,214,passed,0
b-00724,2026-08-15,12,web,unit,main,148,passed,0
b-00725,2026-08-15,12,web,unit,pr,228,passed,0
b-00726,2026-08-15,12,web,unit,main,314,passed,0
b-00727,2026-08-15,12,web,unit,main,275,passed,0
b-00728,2026-08-15,12,web,unit,pr,195,passed,0
b-00729,2026-08-15,12,web,unit,pr,212,passed,0
b-00730,2026-08-15,12,web,unit,pr,105,failed,3
b-00731,2026-08-15,12,web,e2e,pr,2048,passed,0
b-00732,2026-08-15,12,web,e2e,pr,1306,passed,0
b-00733,2026-08-15,12,web,e2e,pr,1205,passed,0
b-00734,2026-08-15,12,web,e2e,main,1120,passed,0
b-00735,2026-08-15,12,web,e2e,main,971,passed,0
b-00736,2026-08-15,12,infra,build,pr,136,passed,0
b-00737,2026-08-15,12,infra,build,pr,90,passed,0
b-00738,2026-08-15,12,infra,build,main,104,passed,0
b-00739,2026-08-15,12,infra,build,pr,65,passed,0
b-00740,2026-08-15,12,infra,build,pr,86,passed,0
b-00741,2026-08-15,12,infra,plan,main,411,passed,0
b-00742,2026-08-15,12,infra,plan,pr,178,passed,0
b-00743,2026-08-15,12,infra,plan,pr,130,passed,0
b-00744,2026-08-15,12,infra,plan,pr,441,passed,0
b-00745,2026-08-15,12,ml-svc,unit,main,843,passed,0
b-00746,2026-08-15,12,ml-svc,unit,main,319,passed,0
b-00747,2026-08-15,12,ml-svc,unit,pr,518,passed,0
b-00748,2026-08-15,12,ml-svc,unit,main,817,passed,0
b-00749,2026-08-15,12,ml-svc,unit,main,512,passed,0
b-00750,2026-08-15,12,ml-svc,unit,main,400,passed,0
b-00751,2026-08-15,12,ml-svc,unit,pr,567,passed,0
b-00752,2026-08-15,12,ml-svc,train-smoke,pr,2416,passed,0
b-00753,2026-08-15,12,ml-svc,train-smoke,pr,1965,passed,0
b-00754,2026-08-15,12,ml-svc,train-smoke,main,1555,passed,0
b-00755,2026-08-15,12,ml-svc,train-smoke,pr,1722,passed,0
b-00756,2026-08-15,12,ml-svc,train-smoke,main,1522,passed,0
b-00757,2026-08-16,13,core-api,build,pr,279,passed,0
b-00758,2026-08-16,13,core-api,build,pr,206,passed,0
b-00759,2026-08-16,13,core-api,build,main,283,passed,0
b-00760,2026-08-16,13,core-api,build,pr,254,passed,0
b-00761,2026-08-16,13,core-api,build,pr,132,passed,0
b-00762,2026-08-16,13,core-api,build,main,226,passed,0
b-00763,2026-08-16,13,core-api,unit,main,470,passed,0
b-00764,2026-08-16,13,core-api,unit,main,324,passed,0
b-00765,2026-08-16,13,core-api,unit,pr,365,passed,0
b-00766,2026-08-16,13,core-api,unit,main,302,passed,0
b-00767,2026-08-16,13,core-api,unit,main,640,passed,0
b-00768,2026-08-16,13,core-api,unit,main,532,passed,0
b-00769,2026-08-16,13,core-api,unit,main,488,passed,0
b-00770,2026-08-16,13,core-api,unit,pr,600,passed,3
b-00771,2026-08-16,13,core-api,unit,main,444,passed,0
b-00772,2026-08-16,13,core-api,integration,main,1563,failed,2
b-00773,2026-08-16,13,core-api,integration,main,1053,passed,0
b-00774,2026-08-16,13,core-api,integration,pr,1088,passed,0
b-00775,2026-08-16,13,core-api,integration,pr,896,passed,0
b-00776,2026-08-16,13,core-api,integration,pr,1482,failed,1
b-00777,2026-08-16,13,core-api,integration,pr,908,passed,0
b-00778,2026-08-16,13,core-api,integration,pr,781,passed,2
b-00779,2026-08-16,13,web,build,pr,147,passed,0
b-00780,2026-08-16,13,web,build,main,177,passed,0
b-00781,2026-08-16,13,web,build,main,160,passed,0
b-00782,2026-08-16,13,web,build,main,148,passed,0
b-00783,2026-08-16,13,web,build,pr,163,passed,0
b-00784,2026-08-16,13,web,unit,pr,195,passed,0
b-00785,2026-08-16,13,web,unit,pr,303,passed,0
b-00786,2026-08-16,13,web,unit,pr,239,passed,0
b-00787,2026-08-16,13,web,unit,pr,235,passed,0
b-00788,2026-08-16,13,web,unit,pr,182,passed,0
b-00789,2026-08-16,13,web,unit,main,97,passed,0
b-00790,2026-08-16,13,web,e2e,main,1425,passed,0
b-00791,2026-08-16,13,web,e2e,pr,1823,passed,0
b-00792,2026-08-16,13,web,e2e,pr,2259,passed,0
b-00793,2026-08-16,13,web,e2e,pr,1409,passed,0
b-00794,2026-08-16,13,infra,build,main,110,passed,0
b-00795,2026-08-16,13,infra,build,pr,97,passed,0
b-00796,2026-08-16,13,infra,build,pr,86,passed,0
b-00797,2026-08-16,13,infra,build,main,99,passed,0
b-00798,2026-08-16,13,infra,build,main,67,passed,0
b-00799,2026-08-16,13,infra,plan,main,378,passed,0
b-00800,2026-08-16,13,infra,plan,main,249,passed,0
b-00801,2026-08-16,13,infra,plan,pr,337,passed,0
b-00802,2026-08-16,13,ml-svc,unit,pr,784,passed,0
b-00803,2026-08-16,13,ml-svc,unit,pr,404,passed,0
b-00804,2026-08-16,13,ml-svc,unit,pr,998,passed,0
b-00805,2026-08-16,13,ml-svc,unit,pr,503,passed,0
b-00806,2026-08-16,13,ml-svc,train-smoke,main,1616,passed,0
b-00807,2026-08-16,13,ml-svc,train-smoke,main,2110,failed,3
b-00808,2026-08-16,13,ml-svc,train-smoke,pr,1100,passed,0
b-00809,2026-08-16,13,ml-svc,train-smoke,pr,1145,passed,0
b-00810,2026-08-16,13,ml-svc,train-smoke,main,877,passed,0
