snapshot_day,table_name,column_name,column_type,nullable,seen_count
2026-08-03,fct_order,order_id,int,false,8815274
2026-08-03,fct_order,account_key,int,false,7732511
2026-08-03,fct_order,ordered_at,timestamp,true,8360947
2026-08-03,fct_order,amount,float,true,590458
2026-08-03,fct_order,currency,text,true,2741183
2026-08-03,fct_order,channel,text,true,3821563
2026-08-03,dim_account,account_key,int,false,3104476
2026-08-03,dim_account,account_name,text,true,8559440
2026-08-03,dim_account,region,text,true,6503912
2026-08-03,dim_account,plan,text,true,5139393
2026-08-03,dim_account,created_at,timestamp,true,6471033
2026-08-03,stg_clickstream,event_id,int,false,2856126
2026-08-03,stg_clickstream,session_key,int,true,835704
2026-08-03,stg_clickstream,event_at,timestamp,true,1846114
2026-08-03,stg_clickstream,path,text,true,6767398
2026-08-03,stg_clickstream,referrer,text,true,4901094
2026-08-03,stg_clickstream,device,text,true,3049187
2026-08-03,fct_ledger_entry,entry_id,int,false,7003248
2026-08-03,fct_ledger_entry,account_key,int,false,8756323
2026-08-03,fct_ledger_entry,posted_at,timestamp,true,3051369
2026-08-03,fct_ledger_entry,amount,float,true,1002835
2026-08-03,fct_ledger_entry,memo,text,true,8973402
2026-08-10,fct_order,order_id,int,false,7026795
2026-08-10,fct_order,account_key,int,false,335489
2026-08-10,fct_order,ordered_at,timestamp,true,6011066
2026-08-10,fct_order,amount,float,true,1700569
2026-08-10,fct_order,currency,text,true,2741405
2026-08-10,fct_order,channel,text,true,5103977
2026-08-10,dim_account,account_key,int,false,1645720
2026-08-10,dim_account,account_name,text,true,685066
2026-08-10,dim_account,region,text,true,2514622
2026-08-10,dim_account,plan,text,true,7908744
2026-08-10,dim_account,created_at,timestamp,true,3589930
2026-08-10,stg_clickstream,event_id,int,false,7260440
2026-08-10,stg_clickstream,session_key,int,true,6805143
2026-08-10,stg_clickstream,event_at,timestamp,true,1746192
2026-08-10,stg_clickstream,path,text,true,1014305
2026-08-10,stg_clickstream,referrer,text,true,6938380
2026-08-10,stg_clickstream,device,text,true,6681981
2026-08-10,stg_clickstream,consent_state,text,true,5452775
2026-08-10,fct_ledger_entry,entry_id,int,false,7682828
2026-08-10,fct_ledger_entry,account_key,int,false,5927580
2026-08-10,fct_ledger_entry,posted_at,timestamp,true,3711218
2026-08-10,fct_ledger_entry,amount,float,true,7044807
2026-08-10,fct_ledger_entry,memo,text,true,2719048
2026-08-17,fct_order,order_id,int,false,2959811
2026-08-17,fct_order,account_key,int,false,6899567
2026-08-17,fct_order,ordered_at,timestamp,true,3079474
2026-08-17,fct_order,amount,float,true,4401432
2026-08-17,fct_order,currency,text,true,1253335
2026-08-17,fct_order,channel,text,true,1302516
2026-08-17,fct_order,discount_code,text,true,3510068
2026-08-17,dim_account,account_key,int,false,8535032
2026-08-17,dim_account,account_name,text,true,322320
2026-08-17,dim_account,region,text,true,490089
2026-08-17,dim_account,plan,text,true,1047181
2026-08-17,dim_account,created_at,timestamp,true,2694779
2026-08-17,stg_clickstream,event_id,int,false,6021811
2026-08-17,stg_clickstream,session_key,int,true,3702871
2026-08-17,stg_clickstream,event_at,timestamp,true,61593
2026-08-17,stg_clickstream,path,text,true,384824
2026-08-17,stg_clickstream,referrer,text,true,1643196
2026-08-17,stg_clickstream,device,text,true,6398442
2026-08-17,stg_clickstream,consent_state,text,true,8958583
2026-08-17,fct_ledger_entry,entry_id,int,false,5215150
2026-08-17,fct_ledger_entry,account_key,int,false,121248
2026-08-17,fct_ledger_entry,posted_at,timestamp,true,4131687
2026-08-17,fct_ledger_entry,amount,float,true,8184380
2026-08-17,fct_ledger_entry,memo,text,true,4080747
2026-08-24,fct_order,order_id,int,false,3368706
2026-08-24,fct_order,account_key,int,false,8529643
2026-08-24,fct_order,ordered_at,timestamp,true,6434964
2026-08-24,fct_order,amount,float,true,1983973
2026-08-24,fct_order,currency,text,true,7698098
2026-08-24,fct_order,channel,text,true,766233
2026-08-24,fct_order,discount_code,text,true,2546901
2026-08-24,dim_account,account_key,int,false,2467294
2026-08-24,dim_account,account_name,text,true,7076833
2026-08-24,dim_account,region,text,true,1109731
2026-08-24,dim_account,created_at,timestamp,true,1879005
2026-08-24,stg_clickstream,event_id,int,false,3757867
2026-08-24,stg_clickstream,session_key,int,true,7966047
2026-08-24,stg_clickstream,event_at,timestamp,true,8617316
2026-08-24,stg_clickstream,path,text,true,5757952
2026-08-24,stg_clickstream,referrer,text,true,2480648
2026-08-24,stg_clickstream,device,text,true,3571692
2026-08-24,stg_clickstream,consent_state,text,true,1058724
2026-08-24,fct_ledger_entry,entry_id,int,false,6055231
2026-08-24,fct_ledger_entry,account_key,int,false,4889712
2026-08-24,fct_ledger_entry,posted_at,timestamp,true,7304823
2026-08-24,fct_ledger_entry,amount,float,true,7582896
2026-08-24,fct_ledger_entry,memo,text,true,5194713
