item_id,week,team,kind,points,cycle_time_days,status,completed
item-0001,2026-W01,payments,chore,3,3.6,done,true
item-0002,2026-W01,payments,bug,8,4.7,done,true
item-0003,2026-W01,payments,bug,2,5.7,done,true
item-0004,2026-W01,payments,chore,1,3.6,done,true
item-0005,2026-W01,payments,feature,5,10.9,done,true
item-0006,2026-W01,payments,incident,1,1.7,done,true
item-0007,2026-W01,payments,incident,8,0.2,done,true
item-0008,2026-W01,payments,chore,8,2.2,done,true
item-0009,2026-W01,retail,chore,5,3.5,done,true
item-0010,2026-W01,retail,bug,8,2.9,done,true
item-0011,2026-W01,retail,bug,2,5.0,done,true
item-0012,2026-W01,retail,feature,5,10.0,done,true
item-0013,2026-W01,retail,bug,8,3.7,done,true
item-0014,2026-W01,retail,feature,8,5.9,done,true
item-0015,2026-W01,retail,chore,8,2.1,done,true
item-0016,2026-W01,retail,incident,2,1.7,done,true
item-0017,2026-W01,platform,feature,2,1.7,done,true
item-0018,2026-W01,platform,bug,2,6.6,done,true
item-0019,2026-W01,platform,feature,5,11.3,done,true
item-0020,2026-W01,platform,feature,2,10.6,done,true
item-0021,2026-W01,platform,bug,5,2.0,done,true
item-0022,2026-W01,platform,feature,5,5.1,done,true
item-0023,2026-W01,platform,chore,2,1.6,done,true
item-0024,2026-W01,platform,feature,2,5.7,done,true
item-0025,2026-W01,platform,bug,8,6.2,done,true
item-0026,2026-W01,platform,incident,2,1.9,done,true
item-0027,2026-W01,platform,feature,3,9.6,done,true
item-0028,2026-W01,platform,feature,1,9.5,in-progress,false
item-0029,2026-W01,platform,bug,1,5.6,done,true
item-0030,2026-W01,platform,bug,8,5.7,done,true
item-0031,2026-W01,platform,bug,2,5.2,done,true
item-0032,2026-W01,growth,feature,8,11.7,done,true
item-0033,2026-W01,growth,bug,8,3.7,done,true
item-0034,2026-W01,growth,incident,8,0.3,done,true
item-0035,2026-W01,growth,feature,5,14.9,done,true
item-0036,2026-W01,growth,feature,3,13.0,done,true
item-0037,2026-W01,growth,feature,1,20.8,done,true
item-0038,2026-W01,growth,feature,1,16.5,done,true
item-0039,2026-W01,growth,chore,8,2.8,done,true
item-0040,2026-W01,growth,feature,5,0.5,done,true
item-0041,2026-W01,growth,feature,5,3.7,done,true
item-0042,2026-W01,growth,feature,3,5.5,done,true
item-0043,2026-W01,growth,feature,1,13.1,done,true
item-0044,2026-W01,growth,incident,8,1.3,done,true
item-0045,2026-W01,ml,incident,1,0.5,done,true
item-0046,2026-W01,ml,feature,2,11.0,done,true
item-0047,2026-W01,ml,chore,5,0.6,done,true
item-0048,2026-W01,ml,feature,8,9.3,done,true
item-0049,2026-W01,ml,bug,2,6.2,done,true
item-0050,2026-W01,ml,chore,8,3.5,done,true
item-0051,2026-W01,ml,bug,3,4.0,done,true
item-0052,2026-W01,ml,feature,8,17.8,done,true
item-0053,2026-W02,payments,bug,2,1.9,done,true
item-0054,2026-W02,payments,feature,1,10.9,done,true
item-0055,2026-W02,payments,feature,2,0.2,done,true
item-0056,2026-W02,payments,bug,1,2.0,done,true
item-0057,2026-W02,payments,feature,1,11.6,done,true
item-0058,2026-W02,payments,bug,3,3.3,done,true
item-0059,2026-W02,payments,feature,8,3.9,done,true
item-0060,2026-W02,payments,feature,1,10.6,done,true
item-0061,2026-W02,payments,incident,5,0.3,done,true
item-0062,2026-W02,payments,bug,1,5.5,done,true
item-0063,2026-W02,payments,feature,2,10.0,done,true
item-0064,2026-W02,payments,feature,1,2.1,done,true
item-0065,2026-W02,payments,incident,8,1.3,done,true
item-0066,2026-W02,retail,bug,5,1.6,done,true
item-0067,2026-W02,retail,bug,2,0.2,done,true
item-0068,2026-W02,retail,feature,3,13.6,done,true
item-0069,2026-W02,retail,feature,8,7.3,done,true
item-0070,2026-W02,retail,feature,1,7.0,done,true
item-0071,2026-W02,retail,chore,2,0.2,done,true
item-0072,2026-W02,retail,bug,1,3.0,done,true
item-0073,2026-W02,retail,bug,2,2.8,done,true
item-0074,2026-W02,retail,incident,8,1.7,done,true
item-0075,2026-W02,platform,feature,2,17.6,done,true
item-0076,2026-W02,platform,incident,1,1.4,done,true
item-0077,2026-W02,platform,feature,2,8.7,done,true
item-0078,2026-W02,platform,bug,1,2.5,done,true
item-0079,2026-W02,platform,feature,1,13.5,done,true
item-0080,2026-W02,platform,bug,3,2.5,done,true
item-0081,2026-W02,platform,bug,3,2.6,done,true
item-0082,2026-W02,platform,feature,3,4.1,done,true
item-0083,2026-W02,platform,feature,8,16.7,done,true
item-0084,2026-W02,platform,bug,5,6.7,done,true
item-0085,2026-W02,platform,feature,3,2.8,done,true
item-0086,2026-W02,platform,chore,8,3.1,done,true
item-0087,2026-W02,platform,feature,8,12.0,done,true
item-0088,2026-W02,platform,chore,2,2.0,done,true
item-0089,2026-W02,platform,feature,1,9.3,done,true
item-0090,2026-W02,growth,feature,5,2.4,done,true
item-0091,2026-W02,growth,bug,5,3.0,done,true
item-0092,2026-W02,growth,feature,3,1.3,done,true
item-0093,2026-W02,growth,bug,2,2.1,done,true
item-0094,2026-W02,growth,chore,3,4.4,done,true
item-0095,2026-W02,growth,bug,2,2.6,in-progress,false
item-0096,2026-W02,growth,chore,5,2.0,done,true
item-0097,2026-W02,growth,feature,2,9.5,done,true
item-0098,2026-W02,growth,bug,1,7.1,done,true
item-0099,2026-W02,growth,bug,8,0.2,done,true
item-0100,2026-W02,growth,bug,8,2.6,done,true
item-0101,2026-W02,growth,bug,2,3.7,done,true
item-0102,2026-W02,ml,chore,2,0.2,done,true
item-0103,2026-W02,ml,bug,8,4.6,done,true
item-0104,2026-W02,ml,feature,3,0.8,done,true
item-0105,2026-W02,ml,bug,2,4.1,done,true
item-0106,2026-W03,payments,feature,2,5.3,done,true
item-0107,2026-W03,payments,chore,2,1.7,done,true
item-0108,2026-W03,payments,feature,1,0.2,done,true
item-0109,2026-W03,payments,feature,2,0.2,done,true
item-0110,2026-W03,retail,bug,8,8.0,done,true
item-0111,2026-W03,retail,feature,5,7.0,done,true
item-0112,2026-W03,retail,feature,1,8.3,done,true
item-0113,2026-W03,retail,feature,2,0.9,done,true
item-0114,2026-W03,retail,feature,8,4.5,in-progress,false
item-0115,2026-W03,retail,bug,3,2.6,done,true
item-0116,2026-W03,retail,incident,5,0.2,done,true
item-0117,2026-W03,retail,bug,5,3.8,done,true
item-0118,2026-W03,retail,chore,3,1.3,done,true
item-0119,2026-W03,retail,chore,8,1.1,in-progress,false
item-0120,2026-W03,retail,feature,3,4.2,done,true
item-0121,2026-W03,retail,feature,8,9.5,done,true
item-0122,2026-W03,retail,chore,1,3.8,done,true
item-0123,2026-W03,retail,feature,8,12.6,done,true
item-0124,2026-W03,platform,feature,8,8.4,done,true
item-0125,2026-W03,platform,incident,1,0.6,done,true
item-0126,2026-W03,platform,bug,8,1.1,done,true
item-0127,2026-W03,platform,chore,5,3.9,done,true
item-0128,2026-W03,platform,chore,2,2.2,done,true
item-0129,2026-W03,platform,feature,3,5.5,done,true
item-0130,2026-W03,platform,feature,1,10.5,done,true
item-0131,2026-W03,growth,feature,5,9.3,done,true
item-0132,2026-W03,growth,bug,3,4.7,done,true
item-0133,2026-W03,growth,chore,1,2.3,done,true
item-0134,2026-W03,growth,feature,1,18.6,done,true
item-0135,2026-W03,growth,feature,2,12.4,done,true
item-0136,2026-W03,growth,feature,1,3.4,done,true
item-0137,2026-W03,ml,feature,2,13.2,done,true
item-0138,2026-W03,ml,feature,8,13.3,done,true
item-0139,2026-W03,ml,feature,1,6.8,done,true
item-0140,2026-W03,ml,chore,5,1.3,done,true
item-0141,2026-W03,ml,bug,3,1.9,done,true
item-0142,2026-W03,ml,feature,5,19.8,done,true
item-0143,2026-W04,payments,feature,5,9.7,done,true
item-0144,2026-W04,payments,bug,1,1.0,done,true
item-0145,2026-W04,payments,bug,5,0.2,done,true
item-0146,2026-W04,payments,bug,2,0.2,done,true
item-0147,2026-W04,payments,chore,8,0.5,done,true
item-0148,2026-W04,payments,bug,5,5.2,done,true
item-0149,2026-W04,retail,incident,1,0.5,done,true
item-0150,2026-W04,retail,bug,5,5.2,done,true
item-0151,2026-W04,retail,bug,5,4.8,done,true
item-0152,2026-W04,retail,chore,8,1.9,done,true
item-0153,2026-W04,retail,chore,3,2.6,done,true
item-0154,2026-W04,retail,chore,1,2.2,in-progress,false
item-0155,2026-W04,retail,bug,1,3.1,done,true
item-0156,2026-W04,retail,bug,3,0.2,done,true
item-0157,2026-W04,retail,incident,5,1.8,done,true
item-0158,2026-W04,retail,bug,8,2.7,done,true
item-0159,2026-W04,retail,feature,2,8.5,done,true
item-0160,2026-W04,retail,bug,3,0.2,done,true
item-0161,2026-W04,retail,feature,5,0.2,done,true
item-0162,2026-W04,retail,bug,1,0.2,done,true
item-0163,2026-W04,platform,feature,5,6.9,done,true
item-0164,2026-W04,platform,bug,8,6.1,done,true
item-0165,2026-W04,platform,feature,8,10.0,done,true
item-0166,2026-W04,platform,feature,2,4.3,done,true
item-0167,2026-W04,platform,feature,8,5.8,done,true
item-0168,2026-W04,platform,bug,8,4.1,done,true
item-0169,2026-W04,platform,chore,8,3.1,done,true
item-0170,2026-W04,platform,chore,1,0.3,done,true
item-0171,2026-W04,platform,bug,2,6.0,done,true
item-0172,2026-W04,platform,feature,8,11.5,done,true
item-0173,2026-W04,platform,feature,2,4.3,done,true
item-0174,2026-W04,platform,bug,1,0.2,done,true
item-0175,2026-W04,growth,feature,5,19.9,done,true
item-0176,2026-W04,growth,feature,5,10.3,done,true
item-0177,2026-W04,growth,feature,8,14.0,done,true
item-0178,2026-W04,growth,incident,5,0.2,done,true
item-0179,2026-W04,growth,chore,1,2.1,done,true
item-0180,2026-W04,growth,bug,8,1.6,done,true
item-0181,2026-W04,growth,chore,2,2.6,done,true
item-0182,2026-W04,growth,bug,5,1.5,done,true
item-0183,2026-W04,growth,chore,2,2.3,done,true
item-0184,2026-W04,growth,bug,1,3.2,done,true
item-0185,2026-W04,growth,chore,8,2.9,done,true
item-0186,2026-W04,growth,bug,3,5.0,done,true
item-0187,2026-W04,growth,bug,5,3.7,done,true
item-0188,2026-W04,growth,chore,5,3.4,done,true
item-0189,2026-W04,growth,feature,2,14.2,done,true
item-0190,2026-W04,ml,chore,1,1.7,in-progress,false
item-0191,2026-W04,ml,chore,2,2.0,done,true
item-0192,2026-W04,ml,feature,8,12.9,done,true
item-0193,2026-W04,ml,bug,3,2.0,done,true
item-0194,2026-W04,ml,chore,5,1.7,done,true
item-0195,2026-W04,ml,chore,1,2.4,done,true
item-0196,2026-W04,ml,bug,2,3.2,done,true
item-0197,2026-W04,ml,bug,3,5.5,done,true
item-0198,2026-W04,ml,feature,2,3.2,done,true
item-0199,2026-W04,ml,feature,5,11.7,done,true
item-0200,2026-W04,ml,feature,1,9.5,done,true
item-0201,2026-W04,ml,feature,1,0.2,done,true
item-0202,2026-W04,ml,incident,8,1.7,in-progress,false
item-0203,2026-W04,ml,incident,5,0.7,done,true
item-0204,2026-W04,ml,feature,8,3.3,done,true
item-0205,2026-W05,payments,chore,2,1.9,done,true
item-0206,2026-W05,payments,bug,2,2.8,done,true
item-0207,2026-W05,payments,feature,2,7.5,done,true
item-0208,2026-W05,payments,incident,1,0.5,done,true
item-0209,2026-W05,retail,feature,5,1.8,done,true
item-0210,2026-W05,retail,incident,8,0.8,done,true
item-0211,2026-W05,retail,feature,8,8.1,done,true
item-0212,2026-W05,retail,bug,2,0.8,done,true
item-0213,2026-W05,retail,bug,5,4.1,done,true
item-0214,2026-W05,retail,feature,1,2.4,done,true
item-0215,2026-W05,retail,incident,5,0.8,done,true
item-0216,2026-W05,platform,bug,2,0.3,done,true
item-0217,2026-W05,platform,feature,5,7.1,done,true
item-0218,2026-W05,platform,feature,3,15.9,done,true
item-0219,2026-W05,platform,feature,8,9.4,done,true
item-0220,2026-W05,platform,bug,3,3.6,in-progress,false
item-0221,2026-W05,platform,bug,8,2.5,in-progress,false
item-0222,2026-W05,platform,chore,5,3.2,done,true
item-0223,2026-W05,platform,feature,3,5.6,done,true
item-0224,2026-W05,platform,bug,1,1.5,done,true
item-0225,2026-W05,platform,feature,8,7.4,done,true
item-0226,2026-W05,platform,feature,3,5.6,done,true
item-0227,2026-W05,platform,bug,8,6.2,done,true
item-0228,2026-W05,platform,bug,5,5.8,done,true
item-0229,2026-W05,platform,feature,2,11.2,done,true
item-0230,2026-W05,platform,chore,1,1.9,done,true
item-0231,2026-W05,growth,bug,2,1.1,done,true
item-0232,2026-W05,growth,feature,1,6.7,done,true
item-0233,2026-W05,growth,chore,5,1.5,done,true
item-0234,2026-W05,growth,bug,1,4.2,done,true
item-0235,2026-W05,growth,feature,8,7.4,done,true
item-0236,2026-W05,growth,chore,2,1.8,done,true
item-0237,2026-W05,ml,bug,3,3.5,done,true
item-0238,2026-W05,ml,chore,1,3.6,done,true
item-0239,2026-W05,ml,feature,3,21.3,done,true
item-0240,2026-W05,ml,feature,5,8.2,done,true
item-0241,2026-W05,ml,feature,1,7.8,done,true
item-0242,2026-W05,ml,feature,5,17.2,done,true
item-0243,2026-W06,payments,feature,8,3.5,done,true
item-0244,2026-W06,payments,bug,5,2.6,done,true
item-0245,2026-W06,payments,feature,3,10.4,in-progress,false
item-0246,2026-W06,payments,bug,1,3.1,done,true
item-0247,2026-W06,payments,bug,5,4.0,in-progress,false
item-0248,2026-W06,payments,feature,5,12.7,done,true
item-0249,2026-W06,payments,feature,5,5.8,done,true
item-0250,2026-W06,payments,incident,3,1.0,in-progress,false
item-0251,2026-W06,payments,incident,1,1.2,done,true
item-0252,2026-W06,payments,bug,3,4.8,done,true
item-0253,2026-W06,payments,feature,3,10.1,done,true
item-0254,2026-W06,payments,chore,3,4.2,done,true
item-0255,2026-W06,payments,bug,3,0.2,done,true
item-0256,2026-W06,retail,bug,8,1.8,done,true
item-0257,2026-W06,retail,chore,8,0.9,done,true
item-0258,2026-W06,retail,incident,2,1.1,done,true
item-0259,2026-W06,retail,feature,1,0.2,done,true
item-0260,2026-W06,retail,feature,5,7.7,done,true
item-0261,2026-W06,retail,feature,8,6.6,done,true
item-0262,2026-W06,retail,feature,2,9.4,done,true
item-0263,2026-W06,retail,bug,5,0.9,done,true
item-0264,2026-W06,retail,bug,8,5.9,done,true
item-0265,2026-W06,retail,chore,3,1.8,done,true
item-0266,2026-W06,retail,feature,1,15.3,done,true
item-0267,2026-W06,retail,feature,8,11.2,done,true
item-0268,2026-W06,retail,bug,1,3.2,done,true
item-0269,2026-W06,platform,incident,1,1.2,done,true
item-0270,2026-W06,platform,feature,8,13.0,in-progress,false
item-0271,2026-W06,platform,incident,1,0.6,done,true
item-0272,2026-W06,platform,bug,8,4.2,done,true
item-0273,2026-W06,platform,chore,8,1.3,done,true
item-0274,2026-W06,platform,bug,2,3.5,done,true
item-0275,2026-W06,platform,chore,3,3.7,done,true
item-0276,2026-W06,platform,feature,8,0.2,done,true
item-0277,2026-W06,platform,feature,8,4.8,done,true
item-0278,2026-W06,platform,bug,1,0.9,done,true
item-0279,2026-W06,platform,bug,3,1.7,done,true
item-0280,2026-W06,platform,chore,2,1.2,done,true
item-0281,2026-W06,platform,chore,1,2.8,done,true
item-0282,2026-W06,platform,feature,1,12.2,done,true
item-0283,2026-W06,platform,feature,3,5.9,done,true
item-0284,2026-W06,growth,chore,5,3.7,done,true
item-0285,2026-W06,growth,chore,3,2.6,done,true
item-0286,2026-W06,growth,bug,2,6.5,done,true
item-0287,2026-W06,growth,chore,5,0.8,done,true
item-0288,2026-W06,growth,feature,3,15.1,done,true
item-0289,2026-W06,growth,feature,3,9.7,done,true
item-0290,2026-W06,growth,feature,8,11.0,done,true
item-0291,2026-W06,ml,bug,2,0.4,done,true
item-0292,2026-W06,ml,chore,5,2.6,done,true
item-0293,2026-W06,ml,feature,3,3.9,done,true
item-0294,2026-W06,ml,bug,8,2.1,done,true
item-0295,2026-W06,ml,chore,1,4.3,in-progress,false
item-0296,2026-W06,ml,bug,8,5.2,done,true
item-0297,2026-W06,ml,chore,5,2.4,done,true
item-0298,2026-W06,ml,feature,1,2.0,done,true
item-0299,2026-W06,ml,bug,5,5.9,done,true
item-0300,2026-W06,ml,feature,1,15.2,done,true
item-0301,2026-W06,ml,incident,1,1.3,done,true
item-0302,2026-W06,ml,chore,3,1.4,done,true
item-0303,2026-W06,ml,bug,2,4.5,done,true
item-0304,2026-W07,payments,bug,2,4.2,done,true
item-0305,2026-W07,payments,feature,1,8.1,done,true
item-0306,2026-W07,payments,chore,5,2.7,done,true
item-0307,2026-W07,payments,chore,3,2.4,done,true
item-0308,2026-W07,payments,chore,2,2.4,done,true
item-0309,2026-W07,payments,chore,2,1.3,done,true
item-0310,2026-W07,payments,chore,2,2.9,done,true
item-0311,2026-W07,payments,chore,1,0.6,done,true
item-0312,2026-W07,retail,feature,1,1.2,done,true
item-0313,2026-W07,retail,bug,2,3.9,done,true
item-0314,2026-W07,retail,feature,5,14.8,done,true
item-0315,2026-W07,retail,feature,5,9.3,done,true
item-0316,2026-W07,retail,chore,3,5.2,done,true
item-0317,2026-W07,retail,bug,1,4.6,done,true
item-0318,2026-W07,retail,chore,5,1.3,done,true
item-0319,2026-W07,retail,feature,5,3.2,done,true
item-0320,2026-W07,retail,feature,3,5.1,done,true
item-0321,2026-W07,retail,chore,2,0.9,done,true
item-0322,2026-W07,retail,chore,2,3.8,done,true
item-0323,2026-W07,retail,incident,1,0.9,done,true
item-0324,2026-W07,retail,chore,1,2.2,done,true
item-0325,2026-W07,platform,feature,2,10.0,done,true
item-0326,2026-W07,platform,feature,5,7.7,done,true
item-0327,2026-W07,platform,feature,8,12.8,done,true
item-0328,2026-W07,platform,feature,2,4.1,done,true
item-0329,2026-W07,growth,bug,2,4.2,done,true
item-0330,2026-W07,growth,feature,3,5.0,done,true
item-0331,2026-W07,growth,feature,2,1.4,done,true
item-0332,2026-W07,growth,incident,5,1.1,done,true
item-0333,2026-W07,growth,feature,8,17.4,done,true
item-0334,2026-W07,growth,feature,8,6.5,done,true
item-0335,2026-W07,growth,bug,8,3.3,done,true
item-0336,2026-W07,ml,feature,8,18.3,done,true
item-0337,2026-W07,ml,feature,2,9.4,done,true
item-0338,2026-W07,ml,bug,2,2.4,done,true
item-0339,2026-W07,ml,feature,1,6.1,in-progress,false
item-0340,2026-W07,ml,feature,2,7.1,done,true
item-0341,2026-W07,ml,incident,1,0.8,done,true
item-0342,2026-W08,payments,incident,3,1.3,done,true
item-0343,2026-W08,payments,feature,1,7.1,done,true
item-0344,2026-W08,payments,bug,3,5.0,done,true
item-0345,2026-W08,payments,feature,3,9.6,done,true
item-0346,2026-W08,payments,feature,2,17.7,done,true
item-0347,2026-W08,payments,bug,1,3.9,done,true
item-0348,2026-W08,payments,bug,2,5.2,in-progress,false
item-0349,2026-W08,payments,feature,8,13.5,done,true
item-0350,2026-W08,payments,feature,3,8.4,done,true
item-0351,2026-W08,retail,feature,5,16.6,done,true
item-0352,2026-W08,retail,bug,8,2.0,done,true
item-0353,2026-W08,retail,bug,5,4.3,done,true
item-0354,2026-W08,retail,feature,1,15.5,done,true
item-0355,2026-W08,retail,feature,3,0.8,done,true
item-0356,2026-W08,retail,chore,5,3.5,done,true
item-0357,2026-W08,retail,chore,3,1.6,done,true
item-0358,2026-W08,retail,bug,5,2.4,done,true
item-0359,2026-W08,retail,bug,8,2.7,done,true
item-0360,2026-W08,retail,chore,2,1.5,done,true
item-0361,2026-W08,retail,bug,3,4.2,done,true
item-0362,2026-W08,platform,feature,8,0.6,done,true
item-0363,2026-W08,platform,feature,5,18.5,done,true
item-0364,2026-W08,platform,bug,1,3.1,done,true
item-0365,2026-W08,platform,feature,3,10.0,done,true
item-0366,2026-W08,platform,feature,5,3.6,done,true
item-0367,2026-W08,platform,bug,8,7.9,done,true
item-0368,2026-W08,platform,incident,1,0.2,done,true
item-0369,2026-W08,platform,bug,5,0.3,done,true
item-0370,2026-W08,platform,chore,8,1.9,done,true
item-0371,2026-W08,platform,bug,5,0.2,done,true
item-0372,2026-W08,platform,bug,2,1.0,done,true
item-0373,2026-W08,platform,chore,3,0.7,done,true
item-0374,2026-W08,platform,feature,2,0.2,done,true
item-0375,2026-W08,platform,chore,8,0.2,done,true
item-0376,2026-W08,growth,bug,2,3.3,done,true
item-0377,2026-W08,growth,bug,8,6.1,done,true
item-0378,2026-W08,growth,chore,2,1.8,done,true
item-0379,2026-W08,growth,feature,8,8.5,done,true
item-0380,2026-W08,growth,feature,5,9.3,done,true
item-0381,2026-W08,growth,chore,1,3.1,done,true
item-0382,2026-W08,growth,bug,2,4.8,done,true
item-0383,2026-W08,growth,bug,5,2.4,done,true
item-0384,2026-W08,growth,feature,1,6.8,done,true
item-0385,2026-W08,growth,feature,8,3.0,done,true
item-0386,2026-W08,growth,chore,5,1.2,done,true
item-0387,2026-W08,growth,feature,2,7.0,done,true
item-0388,2026-W08,growth,feature,3,15.7,done,true
item-0389,2026-W08,growth,feature,5,4.3,done,true
item-0390,2026-W08,growth,feature,5,2.2,done,true
item-0391,2026-W08,ml,feature,8,13.5,done,true
item-0392,2026-W08,ml,feature,5,9.3,done,true
item-0393,2026-W08,ml,feature,1,6.3,done,true
item-0394,2026-W08,ml,feature,8,6.3,in-progress,false
item-0395,2026-W08,ml,feature,2,8.2,done,true
item-0396,2026-W08,ml,feature,8,1.8,done,true
item-0397,2026-W08,ml,feature,1,4.7,done,true
item-0398,2026-W08,ml,bug,8,1.1,done,true
item-0399,2026-W09,payments,chore,2,1.6,done,true
item-0400,2026-W09,payments,feature,8,11.4,done,true
item-0401,2026-W09,payments,bug,1,3.0,done,true
item-0402,2026-W09,payments,bug,8,5.9,done,true
item-0403,2026-W09,payments,bug,1,5.6,done,true
item-0404,2026-W09,payments,bug,2,0.2,done,true
item-0405,2026-W09,payments,bug,8,3.7,done,true
item-0406,2026-W09,payments,chore,8,0.2,done,true
item-0407,2026-W09,retail,feature,3,15.6,done,true
item-0408,2026-W09,retail,feature,3,9.0,done,true
item-0409,2026-W09,retail,bug,3,2.7,done,true
item-0410,2026-W09,retail,bug,2,4.7,done,true
item-0411,2026-W09,retail,bug,1,1.6,done,true
item-0412,2026-W09,retail,bug,3,6.0,done,true
item-0413,2026-W09,retail,feature,2,7.5,done,true
item-0414,2026-W09,retail,chore,2,4.1,done,true
item-0415,2026-W09,retail,bug,3,4.9,done,true
item-0416,2026-W09,platform,bug,1,3.3,done,true
item-0417,2026-W09,platform,chore,5,1.8,done,true
item-0418,2026-W09,platform,chore,5,2.3,done,true
item-0419,2026-W09,platform,feature,8,5.9,done,true
item-0420,2026-W09,platform,chore,5,2.1,done,true
item-0421,2026-W09,platform,feature,8,1.8,done,true
item-0422,2026-W09,platform,feature,2,9.6,done,true
item-0423,2026-W09,platform,chore,1,4.2,done,true
item-0424,2026-W09,platform,feature,8,22.5,done,true
item-0425,2026-W09,platform,bug,1,4.6,done,true
item-0426,2026-W09,platform,incident,1,1.2,done,true
item-0427,2026-W09,platform,chore,8,3.3,done,true
item-0428,2026-W09,platform,bug,2,3.8,done,true
item-0429,2026-W09,growth,feature,2,14.4,done,true
item-0430,2026-W09,growth,bug,1,3.6,done,true
item-0431,2026-W09,growth,bug,1,9.0,done,true
item-0432,2026-W09,growth,feature,1,0.2,done,true
item-0433,2026-W09,growth,chore,3,1.8,done,true
item-0434,2026-W09,ml,bug,2,1.1,done,true
item-0435,2026-W09,ml,bug,8,0.4,done,true
item-0436,2026-W09,ml,feature,3,7.6,in-progress,false
item-0437,2026-W09,ml,feature,8,8.3,done,true
item-0438,2026-W09,ml,incident,3,1.5,done,true
item-0439,2026-W09,ml,feature,8,12.3,done,true
item-0440,2026-W09,ml,bug,2,0.3,done,true
item-0441,2026-W09,ml,feature,2,9.1,done,true
item-0442,2026-W10,payments,bug,5,5.3,done,true
item-0443,2026-W10,payments,feature,3,5.1,done,true
item-0444,2026-W10,payments,feature,8,7.0,done,true
item-0445,2026-W10,payments,chore,1,3.2,in-progress,false
item-0446,2026-W10,payments,feature,2,15.9,done,true
item-0447,2026-W10,payments,feature,2,0.2,done,true
item-0448,2026-W10,payments,bug,5,1.1,done,true
item-0449,2026-W10,payments,bug,3,3.2,done,true
item-0450,2026-W10,payments,feature,8,3.6,done,true
item-0451,2026-W10,payments,bug,5,0.5,done,true
item-0452,2026-W10,payments,feature,5,9.4,in-progress,false
item-0453,2026-W10,payments,bug,1,3.2,done,true
item-0454,2026-W10,retail,chore,1,3.4,done,true
item-0455,2026-W10,retail,chore,3,3.2,done,true
item-0456,2026-W10,retail,bug,5,3.1,done,true
item-0457,2026-W10,retail,bug,3,2.7,done,true
item-0458,2026-W10,platform,chore,3,3.2,done,true
item-0459,2026-W10,platform,feature,2,5.5,done,true
item-0460,2026-W10,platform,bug,5,4.4,done,true
item-0461,2026-W10,platform,chore,5,0.7,done,true
item-0462,2026-W10,platform,bug,5,4.9,done,true
item-0463,2026-W10,platform,feature,1,6.2,done,true
item-0464,2026-W10,platform,bug,3,0.2,done,true
item-0465,2026-W10,growth,feature,8,17.1,done,true
item-0466,2026-W10,growth,bug,8,4.8,done,true
item-0467,2026-W10,growth,chore,1,4.0,done,true
item-0468,2026-W10,growth,bug,5,1.7,done,true
item-0469,2026-W10,growth,incident,5,0.8,done,true
item-0470,2026-W10,ml,bug,5,2.4,done,true
item-0471,2026-W10,ml,chore,1,2.0,done,true
item-0472,2026-W10,ml,chore,8,1.3,done,true
item-0473,2026-W10,ml,chore,2,0.2,done,true
item-0474,2026-W10,ml,feature,3,9.8,done,true
item-0475,2026-W10,ml,feature,2,5.2,done,true
item-0476,2026-W10,ml,bug,2,3.9,done,true
item-0477,2026-W11,payments,bug,1,4.8,done,true
item-0478,2026-W11,payments,incident,3,1.2,done,true
item-0479,2026-W11,payments,feature,3,12.3,done,true
item-0480,2026-W11,payments,chore,2,1.4,done,true
item-0481,2026-W11,payments,incident,5,0.9,done,true
item-0482,2026-W11,payments,feature,5,0.3,in-progress,false
item-0483,2026-W11,payments,feature,3,9.0,done,true
item-0484,2026-W11,payments,chore,5,3.7,done,true
item-0485,2026-W11,payments,bug,5,2.9,done,true
item-0486,2026-W11,payments,chore,1,2.7,done,true
item-0487,2026-W11,payments,incident,2,1.0,in-progress,false
item-0488,2026-W11,payments,chore,1,0.2,done,true
item-0489,2026-W11,payments,feature,1,5.4,done,true
item-0490,2026-W11,payments,chore,3,1.7,done,true
item-0491,2026-W11,retail,bug,5,3.3,done,true
item-0492,2026-W11,retail,feature,3,7.4,done,true
item-0493,2026-W11,retail,bug,1,7.6,done,true
item-0494,2026-W11,retail,feature,2,12.9,done,true
item-0495,2026-W11,retail,feature,2,5.8,done,true
item-0496,2026-W11,retail,incident,2,0.7,done,true
item-0497,2026-W11,retail,bug,5,0.9,in-progress,false
item-0498,2026-W11,retail,chore,2,1.8,done,true
item-0499,2026-W11,retail,feature,8,6.6,done,true
item-0500,2026-W11,retail,feature,1,4.6,done,true
item-0501,2026-W11,retail,chore,5,2.2,done,true
item-0502,2026-W11,retail,bug,3,4.9,done,true
item-0503,2026-W11,retail,feature,5,6.2,done,true
item-0504,2026-W11,retail,chore,3,2.2,done,true
item-0505,2026-W11,retail,feature,8,5.2,done,true
item-0506,2026-W11,platform,chore,3,3.8,done,true
item-0507,2026-W11,platform,chore,5,2.0,done,true
item-0508,2026-W11,platform,bug,5,1.6,done,true
item-0509,2026-W11,platform,chore,5,2.5,done,true
item-0510,2026-W11,platform,feature,3,4.0,done,true
item-0511,2026-W11,platform,bug,8,2.3,in-progress,false
item-0512,2026-W11,platform,feature,3,8.8,done,true
item-0513,2026-W11,platform,bug,5,2.4,done,true
item-0514,2026-W11,platform,feature,2,7.6,done,true
item-0515,2026-W11,platform,bug,2,1.7,in-progress,false
item-0516,2026-W11,platform,bug,2,3.0,done,true
item-0517,2026-W11,platform,bug,3,3.9,done,true
item-0518,2026-W11,platform,chore,2,0.3,done,true
item-0519,2026-W11,growth,feature,3,5.9,done,true
item-0520,2026-W11,growth,bug,1,2.1,done,true
item-0521,2026-W11,growth,bug,3,6.9,done,true
item-0522,2026-W11,growth,bug,1,5.9,done,true
item-0523,2026-W11,growth,bug,5,4.5,done,true
item-0524,2026-W11,growth,bug,3,4.0,done,true
item-0525,2026-W11,growth,bug,1,5.6,done,true
item-0526,2026-W11,growth,chore,2,0.6,done,true
item-0527,2026-W11,ml,chore,8,1.7,done,true
item-0528,2026-W11,ml,bug,5,0.5,done,true
item-0529,2026-W11,ml,feature,2,5.7,done,true
item-0530,2026-W11,ml,chore,2,2.4,done,true
item-0531,2026-W11,ml,chore,5,0.9,done,true
item-0532,2026-W11,ml,bug,5,2.3,done,true
item-0533,2026-W11,ml,chore,8,1.1,done,true
item-0534,2026-W11,ml,chore,5,3.4,done,true
item-0535,2026-W11,ml,feature,2,14.7,done,true
item-0536,2026-W11,ml,chore,3,0.2,done,true
item-0537,2026-W11,ml,chore,1,0.6,done,true
item-0538,2026-W12,payments,feature,5,0.2,in-progress,false
item-0539,2026-W12,payments,chore,5,3.0,done,true
item-0540,2026-W12,payments,feature,1,12.2,done,true
item-0541,2026-W12,payments,feature,8,5.5,done,true
item-0542,2026-W12,retail,feature,5,9.6,done,true
item-0543,2026-W12,retail,bug,2,0.2,done,true
item-0544,2026-W12,retail,incident,8,0.8,done,true
item-0545,2026-W12,retail,feature,8,4.1,done,true
item-0546,2026-W12,retail,chore,1,3.0,done,true
item-0547,2026-W12,retail,feature,8,16.7,done,true
item-0548,2026-W12,retail,chore,1,2.0,done,true
item-0549,2026-W12,retail,bug,8,2.1,done,true
item-0550,2026-W12,retail,feature,3,7.3,done,true
item-0551,2026-W12,retail,chore,8,1.9,done,true
item-0552,2026-W12,retail,feature,8,21.6,done,true
item-0553,2026-W12,platform,incident,8,1.3,done,true
item-0554,2026-W12,platform,feature,1,11.0,in-progress,false
item-0555,2026-W12,platform,incident,8,0.8,done,true
item-0556,2026-W12,platform,incident,8,0.7,done,true
item-0557,2026-W12,platform,bug,3,3.7,done,true
item-0558,2026-W12,platform,chore,8,4.3,done,true
item-0559,2026-W12,platform,feature,5,4.2,done,true
item-0560,2026-W12,platform,incident,8,0.6,done,true
item-0561,2026-W12,platform,feature,8,18.4,done,true
item-0562,2026-W12,platform,bug,1,4.5,done,true
item-0563,2026-W12,platform,feature,8,14.8,done,true
item-0564,2026-W12,growth,feature,5,9.2,done,true
item-0565,2026-W12,growth,chore,2,1.2,done,true
item-0566,2026-W12,growth,feature,3,5.7,done,true
item-0567,2026-W12,growth,chore,1,2.3,done,true
item-0568,2026-W12,growth,chore,1,0.2,done,true
item-0569,2026-W12,growth,feature,8,9.0,done,true
item-0570,2026-W12,ml,feature,8,9.2,done,true
item-0571,2026-W12,ml,feature,2,6.2,done,true
item-0572,2026-W12,ml,feature,1,9.9,done,true
item-0573,2026-W12,ml,feature,1,5.1,done,true
item-0574,2026-W13,payments,incident,1,0.3,done,true
item-0575,2026-W13,payments,bug,2,1.1,in-progress,false
item-0576,2026-W13,payments,feature,1,8.0,done,true
item-0577,2026-W13,payments,incident,8,0.8,done,true
item-0578,2026-W13,payments,feature,1,20.4,done,true
item-0579,2026-W13,payments,feature,2,9.7,done,true
item-0580,2026-W13,payments,incident,3,1.0,done,true
item-0581,2026-W13,payments,feature,1,12.2,done,true
item-0582,2026-W13,retail,bug,5,5.2,done,true
item-0583,2026-W13,retail,incident,2,1.1,done,true
item-0584,2026-W13,retail,feature,2,6.6,done,true
item-0585,2026-W13,retail,bug,5,0.5,done,true
item-0586,2026-W13,retail,feature,5,6.9,done,true
item-0587,2026-W13,platform,feature,2,9.0,done,true
item-0588,2026-W13,platform,feature,3,10.1,done,true
item-0589,2026-W13,platform,chore,3,2.8,in-progress,false
item-0590,2026-W13,platform,chore,1,2.9,done,true
item-0591,2026-W13,platform,bug,2,2.5,done,true
item-0592,2026-W13,platform,chore,5,0.2,done,true
item-0593,2026-W13,platform,feature,1,13.0,done,true
item-0594,2026-W13,platform,chore,3,2.2,done,true
item-0595,2026-W13,platform,feature,2,9.8,done,true
item-0596,2026-W13,platform,bug,3,2.1,done,true
item-0597,2026-W13,platform,incident,8,0.3,done,true
item-0598,2026-W13,platform,feature,1,11.4,done,true
item-0599,2026-W13,platform,bug,5,2.1,done,true
item-0600,2026-W13,growth,feature,5,9.2,done,true
item-0601,2026-W13,growth,bug,2,1.8,done,true
item-0602,2026-W13,growth,feature,1,7.5,done,true
item-0603,2026-W13,growth,feature,3,3.0,done,true
item-0604,2026-W13,growth,chore,3,0.2,done,true
item-0605,2026-W13,growth,feature,5,14.4,done,true
item-0606,2026-W13,growth,feature,3,8.1,done,true
item-0607,2026-W13,growth,feature,5,1.6,done,true
item-0608,2026-W13,growth,feature,8,1.5,done,true
item-0609,2026-W13,growth,feature,2,6.1,done,true
item-0610,2026-W13,growth,feature,3,4.5,done,true
item-0611,2026-W13,growth,incident,2,0.8,done,true
item-0612,2026-W13,growth,bug,5,2.2,done,true
item-0613,2026-W13,growth,bug,5,4.8,done,true
item-0614,2026-W13,growth,chore,3,1.1,in-progress,false
item-0615,2026-W13,ml,chore,1,2.7,done,true
item-0616,2026-W13,ml,chore,5,2.5,done,true
item-0617,2026-W13,ml,chore,8,4.1,done,true
item-0618,2026-W13,ml,bug,8,5.9,done,true
item-0619,2026-W13,ml,bug,5,2.9,done,true
item-0620,2026-W13,ml,bug,8,4.6,done,true
item-0621,2026-W13,ml,bug,2,1.8,done,true
item-0622,2026-W13,ml,chore,2,0.4,done,true
item-0623,2026-W13,ml,feature,3,9.8,done,true
item-0624,2026-W13,ml,chore,3,1.9,done,true
item-0625,2026-W13,ml,bug,2,4.6,done,true
item-0626,2026-W14,payments,bug,1,3.8,done,true
item-0627,2026-W14,payments,incident,5,1.6,done,true
item-0628,2026-W14,payments,bug,1,2.3,done,true
item-0629,2026-W14,payments,bug,1,3.8,done,true
item-0630,2026-W14,payments,chore,1,1.0,done,true
item-0631,2026-W14,payments,chore,1,1.7,done,true
item-0632,2026-W14,payments,incident,5,0.2,done,true
item-0633,2026-W14,retail,feature,2,18.8,done,true
item-0634,2026-W14,retail,feature,8,8.1,done,true
item-0635,2026-W14,retail,chore,2,2.5,done,true
item-0636,2026-W14,retail,chore,5,0.2,in-progress,false
item-0637,2026-W14,platform,feature,2,4.3,done,true
item-0638,2026-W14,platform,feature,8,1.8,done,true
item-0639,2026-W14,platform,bug,1,1.5,done,true
item-0640,2026-W14,platform,chore,3,2.3,done,true
item-0641,2026-W14,platform,chore,2,0.2,done,true
item-0642,2026-W14,platform,bug,5,2.6,done,true
item-0643,2026-W14,growth,chore,5,3.7,done,true
item-0644,2026-W14,growth,feature,2,12.6,done,true
item-0645,2026-W14,growth,chore,5,4.4,done,true
item-0646,2026-W14,growth,bug,5,6.1,done,true
item-0647,2026-W14,growth,feature,5,7.9,done,true
item-0648,2026-W14,growth,bug,1,0.9,done,true
item-0649,2026-W14,ml,chore,5,4.2,done,true
item-0650,2026-W14,ml,feature,1,3.8,done,true
item-0651,2026-W14,ml,bug,5,5.1,done,true
item-0652,2026-W14,ml,bug,2,3.1,done,true
item-0653,2026-W14,ml,feature,3,11.5,done,true
item-0654,2026-W14,ml,bug,8,4.3,done,true
item-0655,2026-W14,ml,incident,5,0.7,done,true
item-0656,2026-W14,ml,bug,5,4.5,done,true
item-0657,2026-W14,ml,bug,8,4.3,done,true
item-0658,2026-W15,payments,bug,5,0.8,done,true
item-0659,2026-W15,payments,chore,8,3.3,done,true
item-0660,2026-W15,payments,feature,3,8.3,done,true
item-0661,2026-W15,payments,feature,3,4.6,in-progress,false
item-0662,2026-W15,payments,feature,2,9.0,done,true
item-0663,2026-W15,payments,feature,3,5.5,done,true
item-0664,2026-W15,payments,incident,3,1.1,done,true
item-0665,2026-W15,retail,bug,2,5.4,done,true
item-0666,2026-W15,retail,chore,2,1.6,done,true
item-0667,2026-W15,retail,chore,5,1.9,done,true
item-0668,2026-W15,retail,chore,8,3.9,done,true
item-0669,2026-W15,retail,feature,3,13.4,done,true
item-0670,2026-W15,retail,feature,5,18.8,done,true
item-0671,2026-W15,retail,chore,5,0.5,done,true
item-0672,2026-W15,retail,bug,3,2.3,done,true
item-0673,2026-W15,retail,feature,3,2.5,done,true
item-0674,2026-W15,retail,chore,1,2.2,done,true
item-0675,2026-W15,retail,feature,8,15.0,done,true
item-0676,2026-W15,platform,bug,2,4.1,done,true
item-0677,2026-W15,platform,bug,8,1.7,done,true
item-0678,2026-W15,platform,bug,3,5.5,done,true
item-0679,2026-W15,platform,feature,1,4.1,done,true
item-0680,2026-W15,platform,chore,8,1.8,done,true
item-0681,2026-W15,platform,bug,8,3.5,done,true
item-0682,2026-W15,platform,chore,8,4.5,done,true
item-0683,2026-W15,platform,bug,5,2.5,done,true
item-0684,2026-W15,platform,feature,8,13.9,done,true
item-0685,2026-W15,growth,bug,1,5.1,done,true
item-0686,2026-W15,growth,feature,2,12.0,done,true
item-0687,2026-W15,growth,chore,2,3.4,done,true
item-0688,2026-W15,growth,bug,8,3.1,done,true
item-0689,2026-W15,growth,incident,1,0.9,done,true
item-0690,2026-W15,growth,bug,5,3.3,done,true
item-0691,2026-W15,growth,feature,2,7.5,done,true
item-0692,2026-W15,growth,feature,5,10.4,done,true
item-0693,2026-W15,growth,chore,5,3.5,done,true
item-0694,2026-W15,growth,feature,2,5.8,done,true
item-0695,2026-W15,growth,bug,1,2.4,done,true
item-0696,2026-W15,growth,incident,8,1.4,done,true
item-0697,2026-W15,growth,chore,2,1.3,done,true
item-0698,2026-W15,ml,feature,3,4.2,done,true
item-0699,2026-W15,ml,feature,3,3.0,done,true
item-0700,2026-W15,ml,bug,3,2.6,done,true
item-0701,2026-W15,ml,chore,3,4.3,done,true
item-0702,2026-W15,ml,chore,8,2.5,done,true
item-0703,2026-W15,ml,chore,5,2.5,done,true
item-0704,2026-W16,payments,incident,1,0.5,done,true
item-0705,2026-W16,payments,chore,3,0.2,done,true
item-0706,2026-W16,payments,bug,3,4.0,done,true
item-0707,2026-W16,payments,bug,5,4.6,done,true
item-0708,2026-W16,payments,incident,5,0.3,done,true
item-0709,2026-W16,payments,feature,8,22.0,done,true
item-0710,2026-W16,payments,bug,1,4.2,done,true
item-0711,2026-W16,payments,feature,2,13.1,done,true
item-0712,2026-W16,retail,feature,2,11.7,done,true
item-0713,2026-W16,retail,chore,1,0.6,done,true
item-0714,2026-W16,retail,bug,8,4.6,done,true
item-0715,2026-W16,retail,feature,2,4.4,done,true
item-0716,2026-W16,retail,chore,2,5.1,done,true
item-0717,2026-W16,retail,chore,5,2.7,done,true
item-0718,2026-W16,retail,bug,3,4.2,done,true
item-0719,2026-W16,retail,feature,1,11.8,in-progress,false
item-0720,2026-W16,retail,chore,2,1.2,done,true
item-0721,2026-W16,retail,bug,1,2.9,done,true
item-0722,2026-W16,retail,feature,5,10.6,done,true
item-0723,2026-W16,retail,feature,8,4.1,done,true
item-0724,2026-W16,retail,bug,1,0.2,done,true
item-0725,2026-W16,retail,chore,1,0.2,done,true
item-0726,2026-W16,platform,chore,5,3.1,done,true
item-0727,2026-W16,platform,bug,8,3.3,done,true
item-0728,2026-W16,platform,feature,3,8.6,done,true
item-0729,2026-W16,platform,incident,2,0.5,done,true
item-0730,2026-W16,platform,bug,3,3.8,done,true
item-0731,2026-W16,platform,bug,2,2.6,done,true
item-0732,2026-W16,platform,chore,5,1.6,done,true
item-0733,2026-W16,growth,feature,8,14.0,done,true
item-0734,2026-W16,growth,chore,2,2.8,done,true
item-0735,2026-W16,growth,feature,1,6.9,done,true
item-0736,2026-W16,growth,feature,2,17.9,done,true
item-0737,2026-W16,growth,feature,1,13.5,in-progress,false
item-0738,2026-W16,growth,bug,1,2.2,done,true
item-0739,2026-W16,growth,bug,3,1.7,done,true
item-0740,2026-W16,growth,feature,2,11.2,done,true
item-0741,2026-W16,growth,feature,2,6.8,done,true
item-0742,2026-W16,growth,incident,8,0.7,done,true
item-0743,2026-W16,growth,chore,8,2.6,done,true
item-0744,2026-W16,growth,bug,5,4.3,done,true
item-0745,2026-W16,ml,feature,2,3.1,done,true
item-0746,2026-W16,ml,bug,5,0.2,done,true
item-0747,2026-W16,ml,feature,8,16.9,done,true
item-0748,2026-W16,ml,chore,5,1.9,done,true
item-0749,2026-W16,ml,feature,5,7.9,done,true
item-0750,2026-W16,ml,bug,5,1.0,done,true
item-0751,2026-W16,ml,chore,2,3.5,done,true
item-0752,2026-W16,ml,bug,3,4.5,done,true
item-0753,2026-W16,ml,chore,3,3.6,done,true
item-0754,2026-W16,ml,feature,3,10.3,done,true
item-0755,2026-W17,payments,feature,5,7.0,done,true
item-0756,2026-W17,payments,bug,5,3.7,done,true
item-0757,2026-W17,payments,incident,5,0.4,done,true
item-0758,2026-W17,payments,chore,2,1.9,done,true
item-0759,2026-W17,payments,bug,1,4.8,in-progress,false
item-0760,2026-W17,payments,incident,2,0.9,done,true
item-0761,2026-W17,payments,feature,3,17.3,done,true
item-0762,2026-W17,payments,chore,5,3.3,done,true
item-0763,2026-W17,payments,feature,1,26.9,done,true
item-0764,2026-W17,payments,bug,2,2.9,done,true
item-0765,2026-W17,retail,feature,2,8.5,done,true
item-0766,2026-W17,retail,bug,3,1.6,done,true
item-0767,2026-W17,retail,feature,2,11.8,done,true
item-0768,2026-W17,retail,feature,8,5.7,done,true
item-0769,2026-W17,retail,feature,3,16.0,done,true
item-0770,2026-W17,retail,chore,8,3.6,done,true
item-0771,2026-W17,retail,bug,5,0.2,done,true
item-0772,2026-W17,retail,feature,5,4.5,done,true
item-0773,2026-W17,retail,incident,8,1.2,done,true
item-0774,2026-W17,platform,feature,2,5.2,done,true
item-0775,2026-W17,platform,incident,2,1.5,done,true
item-0776,2026-W17,platform,bug,8,0.7,done,true
item-0777,2026-W17,platform,feature,2,6.7,done,true
item-0778,2026-W17,growth,feature,2,6.4,done,true
item-0779,2026-W17,growth,feature,8,5.8,done,true
item-0780,2026-W17,growth,feature,8,10.2,done,true
item-0781,2026-W17,growth,bug,8,5.2,done,true
item-0782,2026-W17,growth,feature,5,15.3,done,true
item-0783,2026-W17,growth,bug,2,1.7,done,true
item-0784,2026-W17,growth,feature,2,22.2,done,true
item-0785,2026-W17,growth,chore,3,1.6,done,true
item-0786,2026-W17,growth,chore,3,0.3,done,true
item-0787,2026-W17,growth,feature,3,6.7,in-progress,false
item-0788,2026-W17,ml,incident,1,0.5,done,true
item-0789,2026-W17,ml,feature,8,22.2,done,true
item-0790,2026-W17,ml,bug,2,4.3,done,true
item-0791,2026-W17,ml,feature,5,12.7,done,true
item-0792,2026-W17,ml,bug,8,0.2,done,true
item-0793,2026-W18,payments,chore,5,1.1,done,true
item-0794,2026-W18,payments,bug,5,4.2,done,true
item-0795,2026-W18,payments,bug,8,0.2,done,true
item-0796,2026-W18,payments,chore,3,1.2,done,true
item-0797,2026-W18,payments,chore,8,0.2,done,true
item-0798,2026-W18,payments,bug,5,5.4,done,true
item-0799,2026-W18,retail,bug,8,1.3,done,true
item-0800,2026-W18,retail,bug,1,4.3,done,true
item-0801,2026-W18,retail,feature,5,12.6,done,true
item-0802,2026-W18,retail,bug,3,6.2,done,true
item-0803,2026-W18,retail,feature,2,9.0,done,true
item-0804,2026-W18,retail,chore,2,3.6,done,true
item-0805,2026-W18,platform,chore,5,3.5,done,true
item-0806,2026-W18,platform,bug,8,2.2,done,true
item-0807,2026-W18,platform,bug,5,6.2,done,true
item-0808,2026-W18,platform,chore,3,1.3,in-progress,false
item-0809,2026-W18,platform,chore,5,3.9,done,true
item-0810,2026-W18,platform,chore,1,1.4,done,true
item-0811,2026-W18,growth,bug,1,2.5,done,true
item-0812,2026-W18,growth,feature,5,14.4,done,true
item-0813,2026-W18,growth,bug,2,1.0,done,true
item-0814,2026-W18,growth,feature,5,10.4,done,true
item-0815,2026-W18,growth,chore,3,3.5,done,true
item-0816,2026-W18,growth,chore,3,2.1,done,true
item-0817,2026-W18,growth,chore,2,2.3,done,true
item-0818,2026-W18,ml,feature,5,14.5,done,true
item-0819,2026-W18,ml,chore,8,2.3,done,true
item-0820,2026-W18,ml,feature,2,11.8,done,true
item-0821,2026-W18,ml,chore,2,3.6,done,true
item-0822,2026-W18,ml,feature,1,17.9,done,true
item-0823,2026-W18,ml,feature,3,17.7,done,true
item-0824,2026-W18,ml,feature,8,8.3,done,true
item-0825,2026-W19,payments,bug,3,2.7,done,true
item-0826,2026-W19,payments,incident,3,0.5,done,true
item-0827,2026-W19,payments,bug,2,1.9,done,true
item-0828,2026-W19,payments,incident,3,1.4,done,true
item-0829,2026-W19,payments,bug,1,3.3,done,true
item-0830,2026-W19,payments,bug,2,0.8,done,true
item-0831,2026-W19,payments,bug,5,6.7,done,true
item-0832,2026-W19,payments,chore,3,3.2,done,true
item-0833,2026-W19,payments,feature,8,6.5,done,true
item-0834,2026-W19,payments,feature,2,0.2,done,true
item-0835,2026-W19,payments,feature,3,5.2,done,true
item-0836,2026-W19,payments,bug,1,3.4,done,true
item-0837,2026-W19,payments,chore,5,4.7,done,true
item-0838,2026-W19,payments,chore,3,1.8,done,true
item-0839,2026-W19,payments,chore,2,2.8,done,true
item-0840,2026-W19,retail,feature,3,9.0,done,true
item-0841,2026-W19,retail,feature,8,11.5,done,true
item-0842,2026-W19,retail,chore,2,2.3,done,true
item-0843,2026-W19,retail,bug,1,4.2,done,true
item-0844,2026-W19,retail,bug,5,3.4,done,true
item-0845,2026-W19,platform,chore,2,1.6,done,true
item-0846,2026-W19,platform,incident,1,1.1,done,true
item-0847,2026-W19,platform,feature,5,3.2,in-progress,false
item-0848,2026-W19,platform,feature,5,11.4,done,true
item-0849,2026-W19,platform,feature,3,5.0,done,true
item-0850,2026-W19,platform,chore,3,2.0,done,true
item-0851,2026-W19,platform,chore,3,1.1,done,true
item-0852,2026-W19,platform,feature,1,9.3,done,true
item-0853,2026-W19,platform,chore,5,1.8,done,true
item-0854,2026-W19,platform,bug,1,1.6,done,true
item-0855,2026-W19,platform,bug,8,2.8,done,true
item-0856,2026-W19,platform,feature,5,8.6,done,true
item-0857,2026-W19,platform,bug,5,2.0,done,true
item-0858,2026-W19,platform,feature,8,10.6,done,true
item-0859,2026-W19,growth,bug,1,2.4,done,true
item-0860,2026-W19,growth,bug,3,3.1,done,true
item-0861,2026-W19,growth,chore,3,1.7,done,true
item-0862,2026-W19,growth,bug,1,3.8,in-progress,false
item-0863,2026-W19,growth,bug,1,3.8,in-progress,false
item-0864,2026-W19,growth,chore,8,2.9,done,true
item-0865,2026-W19,growth,bug,3,2.8,done,true
item-0866,2026-W19,growth,bug,2,2.2,in-progress,false
item-0867,2026-W19,growth,feature,3,8.5,done,true
item-0868,2026-W19,ml,incident,5,0.9,done,true
item-0869,2026-W19,ml,bug,5,3.7,done,true
item-0870,2026-W19,ml,feature,8,8.7,done,true
item-0871,2026-W19,ml,incident,5,0.4,done,true
item-0872,2026-W19,ml,feature,5,5.7,done,true
item-0873,2026-W19,ml,chore,3,3.2,done,true
item-0874,2026-W19,ml,chore,8,1.5,done,true
item-0875,2026-W19,ml,chore,8,2.9,done,true
item-0876,2026-W19,ml,incident,8,0.5,done,true
item-0877,2026-W19,ml,chore,1,3.0,done,true
item-0878,2026-W19,ml,feature,8,14.3,done,true
item-0879,2026-W19,ml,feature,5,10.0,done,true
item-0880,2026-W20,payments,bug,5,4.8,done,true
item-0881,2026-W20,payments,bug,1,5.2,done,true
item-0882,2026-W20,payments,incident,1,1.4,done,true
item-0883,2026-W20,payments,incident,1,0.8,done,true
item-0884,2026-W20,payments,feature,1,10.5,done,true
item-0885,2026-W20,payments,chore,3,2.5,done,true
item-0886,2026-W20,payments,chore,3,3.0,done,true
item-0887,2026-W20,payments,feature,8,15.2,done,true
item-0888,2026-W20,payments,chore,1,1.1,done,true
item-0889,2026-W20,retail,feature,8,4.6,done,true
item-0890,2026-W20,retail,feature,2,7.7,done,true
item-0891,2026-W20,retail,bug,1,2.2,done,true
item-0892,2026-W20,retail,feature,5,4.1,done,true
item-0893,2026-W20,retail,feature,2,1.1,done,true
item-0894,2026-W20,retail,bug,2,0.2,done,true
item-0895,2026-W20,retail,bug,8,4.7,done,true
item-0896,2026-W20,retail,chore,2,3.7,done,true
item-0897,2026-W20,retail,bug,2,0.4,done,true
item-0898,2026-W20,platform,bug,3,1.7,done,true
item-0899,2026-W20,platform,bug,5,3.0,done,true
item-0900,2026-W20,platform,bug,2,3.4,done,true
item-0901,2026-W20,platform,chore,8,2.0,done,true
item-0902,2026-W20,platform,chore,5,2.9,done,true
item-0903,2026-W20,platform,bug,8,3.9,done,true
item-0904,2026-W20,platform,chore,1,2.5,done,true
item-0905,2026-W20,platform,chore,2,1.5,done,true
item-0906,2026-W20,platform,feature,3,7.5,done,true
item-0907,2026-W20,platform,feature,8,7.0,done,true
item-0908,2026-W20,platform,chore,3,2.2,done,true
item-0909,2026-W20,platform,chore,2,4.0,done,true
item-0910,2026-W20,platform,feature,8,10.6,done,true
item-0911,2026-W20,platform,feature,3,16.5,done,true
item-0912,2026-W20,growth,feature,3,7.8,in-progress,false
item-0913,2026-W20,growth,feature,3,1.5,done,true
item-0914,2026-W20,growth,bug,5,4.3,done,true
item-0915,2026-W20,growth,chore,8,3.5,done,true
item-0916,2026-W20,growth,feature,3,10.6,done,true
item-0917,2026-W20,growth,incident,3,0.2,done,true
item-0918,2026-W20,growth,bug,3,3.6,done,true
item-0919,2026-W20,growth,feature,5,12.6,done,true
item-0920,2026-W20,growth,incident,8,0.6,done,true
item-0921,2026-W20,ml,feature,8,12.0,done,true
item-0922,2026-W20,ml,chore,5,2.8,done,true
item-0923,2026-W20,ml,feature,1,7.1,done,true
item-0924,2026-W20,ml,bug,1,3.1,done,true
item-0925,2026-W20,ml,feature,1,18.3,done,true
item-0926,2026-W20,ml,bug,3,2.1,done,true
item-0927,2026-W20,ml,chore,2,2.2,done,true
item-0928,2026-W20,ml,chore,1,3.1,in-progress,false
item-0929,2026-W20,ml,bug,3,0.2,done,true
item-0930,2026-W20,ml,bug,2,3.8,done,true
item-0931,2026-W20,ml,bug,5,4.6,done,true
item-0932,2026-W20,ml,bug,5,3.1,done,true
item-0933,2026-W20,ml,bug,1,3.0,done,true
item-0934,2026-W20,ml,bug,1,1.5,done,true
item-0935,2026-W21,payments,feature,2,6.5,done,true
item-0936,2026-W21,payments,feature,8,4.4,done,true
item-0937,2026-W21,payments,bug,8,4.0,done,true
item-0938,2026-W21,payments,feature,1,12.1,done,true
item-0939,2026-W21,payments,bug,1,0.4,done,true
item-0940,2026-W21,payments,bug,1,4.9,done,true
item-0941,2026-W21,payments,chore,3,1.3,done,true
item-0942,2026-W21,payments,feature,8,7.8,done,true
item-0943,2026-W21,retail,feature,1,6.6,done,true
item-0944,2026-W21,retail,chore,5,0.8,done,true
item-0945,2026-W21,retail,chore,3,1.0,done,true
item-0946,2026-W21,retail,feature,2,7.1,done,true
item-0947,2026-W21,retail,feature,5,9.3,done,true
item-0948,2026-W21,retail,chore,5,1.8,done,true
item-0949,2026-W21,retail,bug,2,1.6,done,true
item-0950,2026-W21,retail,chore,2,1.6,done,true
item-0951,2026-W21,retail,incident,5,1.4,done,true
item-0952,2026-W21,retail,chore,1,4.0,done,true
item-0953,2026-W21,retail,feature,2,6.8,done,true
item-0954,2026-W21,retail,feature,1,10.4,done,true
item-0955,2026-W21,retail,feature,5,10.0,done,true
item-0956,2026-W21,retail,bug,8,6.0,done,true
item-0957,2026-W21,platform,feature,5,4.8,done,true
item-0958,2026-W21,platform,feature,5,7.6,done,true
item-0959,2026-W21,platform,bug,3,3.5,done,true
item-0960,2026-W21,platform,feature,2,10.0,done,true
item-0961,2026-W21,platform,chore,3,2.3,done,true
item-0962,2026-W21,platform,bug,2,2.2,done,true
item-0963,2026-W21,platform,feature,5,0.2,done,true
item-0964,2026-W21,platform,feature,2,7.4,done,true
item-0965,2026-W21,platform,bug,3,4.1,in-progress,false
item-0966,2026-W21,platform,incident,5,0.2,done,true
item-0967,2026-W21,platform,bug,3,0.2,in-progress,false
item-0968,2026-W21,platform,feature,3,5.7,in-progress,false
item-0969,2026-W21,platform,feature,5,9.8,done,true
item-0970,2026-W21,growth,chore,1,2.1,done,true
item-0971,2026-W21,growth,incident,2,1.1,in-progress,false
item-0972,2026-W21,growth,bug,8,3.7,done,true
item-0973,2026-W21,growth,chore,8,0.9,in-progress,false
item-0974,2026-W21,growth,feature,2,14.4,done,true
item-0975,2026-W21,growth,chore,2,2.9,done,true
item-0976,2026-W21,growth,bug,5,3.6,done,true
item-0977,2026-W21,growth,chore,5,2.4,done,true
item-0978,2026-W21,growth,chore,5,0.3,done,true
item-0979,2026-W21,growth,feature,2,5.5,done,true
item-0980,2026-W21,growth,bug,1,4.3,done,true
item-0981,2026-W21,ml,chore,2,3.7,done,true
item-0982,2026-W21,ml,incident,1,0.8,done,true
item-0983,2026-W21,ml,bug,3,6.0,done,true
item-0984,2026-W21,ml,feature,5,7.8,done,true
item-0985,2026-W21,ml,incident,2,1.0,done,true
item-0986,2026-W21,ml,bug,3,0.2,done,true
item-0987,2026-W21,ml,bug,5,0.2,done,true
item-0988,2026-W21,ml,chore,5,1.1,done,true
item-0989,2026-W21,ml,chore,3,2.5,done,true
item-0990,2026-W21,ml,feature,2,0.2,done,true
item-0991,2026-W21,ml,bug,2,3.2,done,true
item-0992,2026-W22,payments,chore,8,0.2,done,true
item-0993,2026-W22,payments,bug,2,2.6,done,true
item-0994,2026-W22,payments,chore,8,3.6,done,true
item-0995,2026-W22,payments,bug,5,5.4,in-progress,false
item-0996,2026-W22,retail,chore,2,2.0,done,true
item-0997,2026-W22,retail,chore,3,4.1,done,true
item-0998,2026-W22,retail,bug,1,4.6,done,true
item-0999,2026-W22,retail,feature,3,8.2,done,true
item-1000,2026-W22,retail,chore,2,1.2,done,true
item-1001,2026-W22,retail,chore,8,0.9,done,true
item-1002,2026-W22,retail,chore,3,2.1,done,true
item-1003,2026-W22,retail,feature,3,7.0,done,true
item-1004,2026-W22,retail,bug,8,5.0,done,true
item-1005,2026-W22,retail,bug,8,6.0,done,true
item-1006,2026-W22,retail,chore,5,1.4,done,true
item-1007,2026-W22,retail,chore,8,2.0,done,true
item-1008,2026-W22,retail,bug,2,6.5,done,true
item-1009,2026-W22,platform,feature,5,6.6,done,true
item-1010,2026-W22,platform,feature,8,9.9,done,true
item-1011,2026-W22,platform,incident,3,0.2,done,true
item-1012,2026-W22,platform,feature,5,12.5,done,true
item-1013,2026-W22,platform,bug,5,2.5,done,true
item-1014,2026-W22,platform,feature,3,0.2,done,true
item-1015,2026-W22,platform,feature,2,8.9,in-progress,false
item-1016,2026-W22,platform,chore,8,3.2,done,true
item-1017,2026-W22,platform,bug,5,5.3,done,true
item-1018,2026-W22,platform,bug,1,2.3,done,true
item-1019,2026-W22,platform,chore,2,2.6,done,true
item-1020,2026-W22,platform,incident,8,1.3,done,true
item-1021,2026-W22,platform,bug,5,1.1,done,true
item-1022,2026-W22,platform,chore,1,1.3,done,true
item-1023,2026-W22,platform,feature,5,12.1,done,true
item-1024,2026-W22,growth,chore,2,2.9,done,true
item-1025,2026-W22,growth,bug,8,2.0,done,true
item-1026,2026-W22,growth,bug,3,4.8,done,true
item-1027,2026-W22,growth,bug,2,3.8,done,true
item-1028,2026-W22,growth,bug,3,3.4,done,true
item-1029,2026-W22,growth,bug,5,4.7,in-progress,false
item-1030,2026-W22,growth,chore,2,2.3,done,true
item-1031,2026-W22,growth,feature,1,8.7,done,true
item-1032,2026-W22,growth,bug,1,2.7,done,true
item-1033,2026-W22,growth,bug,3,5.4,in-progress,false
item-1034,2026-W22,ml,bug,8,3.8,done,true
item-1035,2026-W22,ml,incident,3,1.1,done,true
item-1036,2026-W22,ml,incident,8,0.7,done,true
item-1037,2026-W22,ml,incident,2,0.2,done,true
item-1038,2026-W22,ml,chore,1,1.7,done,true
item-1039,2026-W22,ml,chore,1,2.5,done,true
item-1040,2026-W22,ml,chore,1,1.9,done,true
item-1041,2026-W23,payments,chore,3,3.2,done,true
item-1042,2026-W23,payments,chore,8,1.6,done,true
item-1043,2026-W23,payments,chore,3,3.7,done,true
item-1044,2026-W23,payments,feature,1,12.2,done,true
item-1045,2026-W23,payments,chore,5,2.6,done,true
item-1046,2026-W23,payments,chore,5,3.5,done,true
item-1047,2026-W23,payments,chore,8,3.5,done,true
item-1048,2026-W23,payments,incident,1,1.2,done,true
item-1049,2026-W23,payments,chore,2,0.8,done,true
item-1050,2026-W23,payments,feature,1,11.0,done,true
item-1051,2026-W23,payments,bug,5,2.3,done,true
item-1052,2026-W23,payments,bug,5,3.1,done,true
item-1053,2026-W23,retail,bug,3,3.1,done,true
item-1054,2026-W23,retail,bug,8,3.6,done,true
item-1055,2026-W23,retail,feature,3,9.3,done,true
item-1056,2026-W23,retail,chore,2,2.2,done,true
item-1057,2026-W23,retail,feature,5,0.2,done,true
item-1058,2026-W23,retail,feature,2,21.4,done,true
item-1059,2026-W23,retail,chore,2,0.9,done,true
item-1060,2026-W23,retail,bug,8,5.9,done,true
item-1061,2026-W23,retail,feature,8,9.7,done,true
item-1062,2026-W23,retail,bug,8,4.7,done,true
item-1063,2026-W23,retail,chore,8,3.8,done,true
item-1064,2026-W23,retail,bug,3,5.2,done,true
item-1065,2026-W23,retail,feature,3,3.0,done,true
item-1066,2026-W23,retail,incident,8,1.6,done,true
item-1067,2026-W23,platform,bug,1,3.2,done,true
item-1068,2026-W23,platform,bug,8,3.8,done,true
item-1069,2026-W23,platform,feature,5,2.1,done,true
item-1070,2026-W23,platform,feature,2,0.2,done,true
item-1071,2026-W23,platform,bug,3,5.5,done,true
item-1072,2026-W23,platform,feature,8,6.8,done,true
item-1073,2026-W23,platform,feature,3,14.4,done,true
item-1074,2026-W23,platform,bug,2,2.6,done,true
item-1075,2026-W23,platform,incident,1,0.3,done,true
item-1076,2026-W23,platform,chore,2,4.6,done,true
item-1077,2026-W23,platform,chore,8,1.4,done,true
item-1078,2026-W23,growth,chore,5,1.9,done,true
item-1079,2026-W23,growth,chore,5,0.2,done,true
item-1080,2026-W23,growth,bug,2,0.9,done,true
item-1081,2026-W23,growth,feature,3,13.7,done,true
item-1082,2026-W23,growth,feature,1,6.9,done,true
item-1083,2026-W23,growth,chore,5,1.0,done,true
item-1084,2026-W23,growth,feature,3,17.9,done,true
item-1085,2026-W23,ml,bug,2,1.6,done,true
item-1086,2026-W23,ml,chore,2,2.3,done,true
item-1087,2026-W23,ml,chore,8,1.2,in-progress,false
item-1088,2026-W23,ml,feature,1,4.4,done,true
item-1089,2026-W23,ml,feature,3,11.5,done,true
item-1090,2026-W23,ml,feature,1,2.0,done,true
item-1091,2026-W23,ml,feature,3,0.2,done,true
item-1092,2026-W23,ml,chore,3,2.7,done,true
item-1093,2026-W23,ml,feature,2,6.8,in-progress,false
item-1094,2026-W23,ml,chore,1,0.7,done,true
item-1095,2026-W23,ml,chore,2,1.2,done,true
item-1096,2026-W23,ml,bug,5,0.7,done,true
item-1097,2026-W23,ml,feature,3,14.7,done,true
item-1098,2026-W23,ml,chore,5,0.8,done,true
item-1099,2026-W24,payments,chore,1,2.0,done,true
item-1100,2026-W24,payments,chore,8,1.1,done,true
item-1101,2026-W24,payments,chore,2,1.3,done,true
item-1102,2026-W24,payments,bug,2,2.3,done,true
item-1103,2026-W24,payments,feature,2,10.5,done,true
item-1104,2026-W24,payments,bug,3,5.0,done,true
item-1105,2026-W24,payments,bug,1,1.0,done,true
item-1106,2026-W24,payments,chore,1,0.2,done,true
item-1107,2026-W24,payments,feature,5,2.3,done,true
item-1108,2026-W24,payments,bug,2,0.6,done,true
item-1109,2026-W24,payments,chore,3,1.2,done,true
item-1110,2026-W24,payments,chore,1,1.9,done,true
item-1111,2026-W24,payments,feature,3,0.2,done,true
item-1112,2026-W24,retail,bug,2,7.8,in-progress,false
item-1113,2026-W24,retail,chore,1,2.4,done,true
item-1114,2026-W24,retail,feature,3,3.5,done,true
item-1115,2026-W24,retail,feature,5,7.2,done,true
item-1116,2026-W24,retail,feature,3,7.1,done,true
item-1117,2026-W24,retail,feature,8,4.6,done,true
item-1118,2026-W24,retail,feature,1,13.0,done,true
item-1119,2026-W24,retail,incident,2,0.5,done,true
item-1120,2026-W24,retail,bug,3,5.6,done,true
item-1121,2026-W24,retail,bug,8,0.2,done,true
item-1122,2026-W24,retail,bug,2,3.8,done,true
item-1123,2026-W24,retail,feature,3,11.8,done,true
item-1124,2026-W24,retail,feature,8,13.7,done,true
item-1125,2026-W24,retail,chore,5,1.9,done,true
item-1126,2026-W24,platform,chore,3,3.9,done,true
item-1127,2026-W24,platform,feature,5,12.5,done,true
item-1128,2026-W24,platform,bug,5,4.6,done,true
item-1129,2026-W24,platform,feature,5,10.3,done,true
item-1130,2026-W24,platform,bug,8,4.0,done,true
item-1131,2026-W24,platform,feature,2,4.4,done,true
item-1132,2026-W24,platform,bug,1,2.4,done,true
item-1133,2026-W24,platform,feature,8,16.6,done,true
item-1134,2026-W24,platform,bug,8,0.2,done,true
item-1135,2026-W24,platform,feature,1,13.4,done,true
item-1136,2026-W24,platform,bug,2,4.4,done,true
item-1137,2026-W24,platform,bug,3,0.2,done,true
item-1138,2026-W24,platform,bug,5,3.0,done,true
item-1139,2026-W24,platform,bug,3,5.0,done,true
item-1140,2026-W24,platform,feature,3,7.2,done,true
item-1141,2026-W24,growth,feature,8,5.2,done,true
item-1142,2026-W24,growth,incident,2,0.7,done,true
item-1143,2026-W24,growth,bug,8,5.8,done,true
item-1144,2026-W24,growth,bug,3,6.2,done,true
item-1145,2026-W24,growth,feature,3,11.2,done,true
item-1146,2026-W24,growth,chore,1,2.6,done,true
item-1147,2026-W24,growth,chore,5,3.2,done,true
item-1148,2026-W24,growth,chore,1,1.2,done,true
item-1149,2026-W24,growth,incident,8,0.2,done,true
item-1150,2026-W24,growth,bug,3,2.4,done,true
item-1151,2026-W24,growth,bug,8,4.9,done,true
item-1152,2026-W24,growth,feature,2,7.1,done,true
item-1153,2026-W24,growth,bug,1,7.5,done,true
item-1154,2026-W24,growth,feature,2,17.6,done,true
item-1155,2026-W24,growth,bug,2,5.1,done,true
item-1156,2026-W24,ml,bug,1,0.4,done,true
item-1157,2026-W24,ml,chore,1,2.2,done,true
item-1158,2026-W24,ml,feature,3,2.7,done,true
item-1159,2026-W24,ml,incident,2,0.2,done,true
item-1160,2026-W24,ml,feature,5,9.2,done,true
item-1161,2026-W25,payments,incident,1,0.7,done,true
item-1162,2026-W25,payments,bug,8,3.3,done,true
item-1163,2026-W25,payments,feature,1,7.7,done,true
item-1164,2026-W25,payments,feature,3,6.8,done,true
item-1165,2026-W25,payments,chore,8,0.8,done,true
item-1166,2026-W25,payments,feature,8,8.7,done,true
item-1167,2026-W25,payments,feature,2,15.5,done,true
item-1168,2026-W25,payments,feature,8,8.2,done,true
item-1169,2026-W25,payments,bug,3,3.6,done,true
item-1170,2026-W25,payments,feature,3,13.8,done,true
item-1171,2026-W25,payments,feature,2,12.1,done,true
item-1172,2026-W25,payments,feature,3,8.5,done,true
item-1173,2026-W25,retail,incident,8,0.3,done,true
item-1174,2026-W25,retail,bug,3,2.6,done,true
item-1175,2026-W25,retail,feature,8,6.8,done,true
item-1176,2026-W25,retail,bug,2,1.7,done,true
item-1177,2026-W25,retail,feature,3,15.7,done,true
item-1178,2026-W25,retail,chore,5,3.4,done,true
item-1179,2026-W25,retail,feature,2,13.2,done,true
item-1180,2026-W25,retail,feature,1,0.9,done,true
item-1181,2026-W25,retail,incident,3,1.0,done,true
item-1182,2026-W25,retail,chore,5,2.1,done,true
item-1183,2026-W25,retail,incident,8,1.3,done,true
item-1184,2026-W25,retail,feature,3,0.2,done,true
item-1185,2026-W25,platform,chore,5,2.9,done,true
item-1186,2026-W25,platform,incident,2,0.4,done,true
item-1187,2026-W25,platform,feature,8,1.8,done,true
item-1188,2026-W25,platform,bug,5,5.2,done,true
item-1189,2026-W25,platform,bug,1,1.7,done,true
item-1190,2026-W25,platform,feature,3,11.8,done,true
item-1191,2026-W25,growth,incident,2,0.8,done,true
item-1192,2026-W25,growth,bug,2,4.9,done,true
item-1193,2026-W25,growth,bug,1,2.3,done,true
item-1194,2026-W25,growth,feature,1,12.8,done,true
item-1195,2026-W25,ml,bug,1,4.8,done,true
item-1196,2026-W25,ml,bug,5,2.6,in-progress,false
item-1197,2026-W25,ml,bug,8,6.8,done,true
item-1198,2026-W25,ml,bug,3,3.6,done,true
item-1199,2026-W25,ml,feature,1,15.4,done,true
item-1200,2026-W26,payments,chore,1,2.1,done,true
item-1201,2026-W26,payments,feature,1,0.9,done,true
item-1202,2026-W26,payments,bug,1,4.8,done,true
item-1203,2026-W26,payments,chore,5,0.2,in-progress,false
item-1204,2026-W26,payments,chore,3,3.9,done,true
item-1205,2026-W26,payments,feature,3,3.6,done,true
item-1206,2026-W26,payments,feature,1,13.9,done,true
item-1207,2026-W26,payments,bug,1,0.8,done,true
item-1208,2026-W26,payments,bug,1,5.9,done,true
item-1209,2026-W26,payments,feature,1,12.6,done,true
item-1210,2026-W26,payments,feature,2,8.9,done,true
item-1211,2026-W26,payments,chore,5,2.3,in-progress,false
item-1212,2026-W26,retail,feature,3,12.8,done,true
item-1213,2026-W26,retail,incident,8,1.0,done,true
item-1214,2026-W26,retail,incident,3,0.9,done,true
item-1215,2026-W26,retail,feature,1,1.2,done,true
item-1216,2026-W26,retail,bug,5,2.6,done,true
item-1217,2026-W26,retail,feature,1,4.9,done,true
item-1218,2026-W26,retail,feature,2,5.0,done,true
item-1219,2026-W26,platform,incident,1,0.2,done,true
item-1220,2026-W26,platform,feature,3,11.3,in-progress,false
item-1221,2026-W26,platform,bug,5,3.4,done,true
item-1222,2026-W26,platform,incident,5,0.8,done,true
item-1223,2026-W26,platform,feature,8,11.2,done,true
item-1224,2026-W26,platform,feature,2,11.7,done,true
item-1225,2026-W26,platform,chore,3,0.6,done,true
item-1226,2026-W26,platform,feature,3,16.6,done,true
item-1227,2026-W26,platform,incident,1,0.7,done,true
item-1228,2026-W26,platform,bug,3,1.4,done,true
item-1229,2026-W26,platform,chore,2,3.2,done,true
item-1230,2026-W26,platform,feature,2,11.5,done,true
item-1231,2026-W26,platform,chore,1,0.5,done,true
item-1232,2026-W26,growth,chore,1,3.3,done,true
item-1233,2026-W26,growth,bug,1,3.1,done,true
item-1234,2026-W26,growth,chore,1,1.4,done,true
item-1235,2026-W26,growth,bug,1,0.9,done,true
item-1236,2026-W26,growth,bug,3,1.2,done,true
item-1237,2026-W26,growth,chore,5,2.5,done,true
item-1238,2026-W26,growth,incident,3,0.4,done,true
item-1239,2026-W26,ml,bug,8,3.1,done,true
item-1240,2026-W26,ml,feature,2,13.3,done,true
item-1241,2026-W26,ml,feature,5,2.6,done,true
item-1242,2026-W26,ml,bug,2,5.6,done,true
item-1243,2026-W26,ml,feature,8,7.9,done,true
item-1244,2026-W26,ml,chore,2,2.7,in-progress,false
item-1245,2026-W26,ml,chore,8,2.4,done,true
item-1246,2026-W26,ml,bug,1,5.2,done,true
item-1247,2026-W26,ml,chore,1,0.6,done,true
item-1248,2026-W26,ml,chore,2,0.9,done,true
item-1249,2026-W26,ml,feature,3,7.5,done,true
