deploy_id,day,day_index,service,team,environment,lead_time_hours,duration_min,rolled_back
dep-0001,2026-08-03,0,checkout,payments,production,14.6,12.3,false
dep-0002,2026-08-03,0,catalog,retail,production,15.2,7.8,false
dep-0003,2026-08-03,0,search,retail,production,54.3,7.6,false
dep-0004,2026-08-03,0,identity,platform,production,21.1,6.4,false
dep-0005,2026-08-03,0,notifier,growth,staging,25.2,12.0,false
dep-0006,2026-08-03,0,notifier,growth,staging,3.8,6.7,false
dep-0007,2026-08-03,0,notifier,growth,production,17.1,7.9,false
dep-0008,2026-08-04,1,checkout,payments,staging,66.0,12.3,false
dep-0009,2026-08-04,1,checkout,payments,production,27.2,8.8,false
dep-0010,2026-08-04,1,ledger,payments,production,48.2,13.2,false
dep-0011,2026-08-04,1,ledger,payments,production,6.7,12.1,false
dep-0012,2026-08-04,1,ledger,payments,production,31.7,10.9,false
dep-0013,2026-08-04,1,catalog,retail,production,23.7,7.1,true
dep-0014,2026-08-04,1,catalog,retail,production,25.2,0.5,false
dep-0015,2026-08-04,1,search,retail,production,52.3,4.8,false
dep-0016,2026-08-04,1,identity,platform,production,40.5,6.4,false
dep-0017,2026-08-04,1,gateway,platform,production,49.2,3.6,false
dep-0018,2026-08-04,1,gateway,platform,production,63.7,8.0,false
dep-0019,2026-08-04,1,notifier,growth,staging,8.9,10.7,false
dep-0020,2026-08-05,2,checkout,payments,production,33.9,14.0,false
dep-0021,2026-08-05,2,checkout,payments,production,43.3,8.0,false
dep-0022,2026-08-05,2,ledger,payments,production,1.8,12.0,false
dep-0023,2026-08-05,2,ledger,payments,production,0.4,6.3,false
dep-0024,2026-08-05,2,ledger,payments,production,32.0,6.8,false
dep-0025,2026-08-05,2,search,retail,staging,18.6,8.7,false
dep-0026,2026-08-05,2,identity,platform,production,27.6,8.5,false
dep-0027,2026-08-06,3,checkout,payments,production,0.4,6.9,false
dep-0028,2026-08-06,3,ledger,payments,staging,10.9,11.0,false
dep-0029,2026-08-06,3,catalog,retail,staging,21.7,16.1,false
dep-0030,2026-08-06,3,identity,platform,production,24.3,6.9,false
dep-0031,2026-08-06,3,notifier,growth,production,3.8,10.4,false
dep-0032,2026-08-07,4,checkout,payments,production,38.2,3.9,false
dep-0033,2026-08-07,4,checkout,payments,production,1.1,9.5,false
dep-0034,2026-08-07,4,ledger,payments,production,44.2,5.9,false
dep-0035,2026-08-07,4,catalog,retail,production,18.3,9.8,false
dep-0036,2026-08-07,4,gateway,platform,production,37.3,13.0,false
dep-0037,2026-08-07,4,notifier,growth,staging,0.4,6.2,false
dep-0038,2026-08-08,5,checkout,payments,production,30.8,14.8,false
dep-0039,2026-08-08,5,catalog,retail,staging,15.0,9.6,false
dep-0040,2026-08-08,5,catalog,retail,production,21.3,3.6,false
dep-0041,2026-08-08,5,catalog,retail,production,22.6,3.4,false
dep-0042,2026-08-08,5,search,retail,production,44.8,4.0,false
dep-0043,2026-08-08,5,gateway,platform,staging,53.7,6.9,false
dep-0044,2026-08-08,5,gateway,platform,staging,10.0,1.8,false
dep-0045,2026-08-08,5,gateway,platform,staging,32.4,6.3,false
dep-0046,2026-08-08,5,notifier,growth,staging,37.1,2.2,false
dep-0047,2026-08-09,6,checkout,payments,production,1.0,7.8,true
dep-0048,2026-08-09,6,ledger,payments,production,48.7,6.3,false
dep-0049,2026-08-09,6,catalog,retail,production,54.4,3.4,false
dep-0050,2026-08-09,6,catalog,retail,production,23.4,4.6,false
dep-0051,2026-08-09,6,search,retail,production,20.8,4.2,false
dep-0052,2026-08-09,6,search,retail,production,23.2,11.3,false
dep-0053,2026-08-09,6,search,retail,staging,0.4,7.3,false
dep-0054,2026-08-09,6,identity,platform,production,40.1,7.2,false
dep-0055,2026-08-09,6,identity,platform,production,25.9,12.9,false
dep-0056,2026-08-09,6,gateway,platform,production,46.0,13.4,false
dep-0057,2026-08-09,6,gateway,platform,production,11.8,4.9,false
dep-0058,2026-08-10,7,checkout,payments,staging,10.3,3.4,false
dep-0059,2026-08-10,7,ledger,payments,production,87.2,6.5,false
dep-0060,2026-08-10,7,catalog,retail,production,13.2,10.8,true
dep-0061,2026-08-10,7,identity,platform,staging,0.4,7.2,false
dep-0062,2026-08-10,7,gateway,platform,production,15.8,7.9,false
dep-0063,2026-08-10,7,notifier,growth,production,16.1,4.3,false
dep-0064,2026-08-11,8,ledger,payments,staging,0.4,7.8,false
dep-0065,2026-08-11,8,ledger,payments,production,14.5,7.0,false
dep-0066,2026-08-11,8,catalog,retail,production,27.4,9.7,false
dep-0067,2026-08-11,8,identity,platform,staging,51.5,10.6,false
dep-0068,2026-08-11,8,gateway,platform,production,12.7,1.7,false
dep-0069,2026-08-11,8,gateway,platform,staging,16.0,9.3,false
dep-0070,2026-08-11,8,notifier,growth,production,0.4,5.8,true
dep-0071,2026-08-12,9,checkout,payments,production,12.7,7.5,false
dep-0072,2026-08-12,9,ledger,payments,production,33.6,6.9,false
dep-0073,2026-08-12,9,search,retail,staging,30.6,12.6,false
dep-0074,2026-08-12,9,gateway,platform,staging,13.8,0.8,false
dep-0075,2026-08-12,9,gateway,platform,production,47.8,0.5,false
dep-0076,2026-08-12,9,notifier,growth,production,63.6,2.0,false
dep-0077,2026-08-12,9,notifier,growth,staging,43.0,5.7,false
dep-0078,2026-08-13,10,checkout,payments,production,39.6,9.3,false
dep-0079,2026-08-13,10,checkout,payments,production,26.7,7.8,false
dep-0080,2026-08-13,10,ledger,payments,staging,0.4,13.1,false
dep-0081,2026-08-13,10,catalog,retail,production,45.7,6.5,false
dep-0082,2026-08-13,10,notifier,growth,production,3.5,11.8,false
dep-0083,2026-08-13,10,notifier,growth,production,0.4,3.9,false
dep-0084,2026-08-13,10,notifier,growth,production,41.5,13.4,true
dep-0085,2026-08-14,11,checkout,payments,production,0.7,0.5,false
dep-0086,2026-08-14,11,ledger,payments,staging,50.7,4.4,false
dep-0087,2026-08-14,11,ledger,payments,production,30.7,9.5,false
dep-0088,2026-08-14,11,ledger,payments,production,29.2,12.2,false
dep-0089,2026-08-14,11,catalog,retail,production,38.0,7.3,false
dep-0090,2026-08-14,11,search,retail,production,47.3,10.3,false
dep-0091,2026-08-14,11,search,retail,production,12.2,8.0,false
dep-0092,2026-08-14,11,identity,platform,production,5.7,13.0,false
dep-0093,2026-08-14,11,gateway,platform,production,36.8,5.9,false
dep-0094,2026-08-14,11,gateway,platform,staging,51.3,14.1,false
dep-0095,2026-08-14,11,gateway,platform,production,17.8,0.5,false
dep-0096,2026-08-15,12,checkout,payments,staging,0.4,10.8,false
dep-0097,2026-08-15,12,checkout,payments,production,4.1,6.8,false
dep-0098,2026-08-15,12,ledger,payments,staging,32.2,5.7,false
dep-0099,2026-08-15,12,search,retail,production,46.6,1.3,false
dep-0100,2026-08-15,12,gateway,platform,staging,31.9,14.9,false
dep-0101,2026-08-15,12,notifier,growth,production,39.7,6.3,false
dep-0102,2026-08-16,13,checkout,payments,production,1.6,11.1,false
dep-0103,2026-08-16,13,checkout,payments,production,51.6,12.7,false
dep-0104,2026-08-16,13,ledger,payments,production,22.8,10.2,false
dep-0105,2026-08-16,13,ledger,payments,production,29.6,6.1,false
dep-0106,2026-08-16,13,identity,platform,production,48.0,8.5,false
dep-0107,2026-08-16,13,identity,platform,production,35.5,6.9,false
dep-0108,2026-08-17,14,ledger,payments,production,37.4,3.1,false
dep-0109,2026-08-17,14,catalog,retail,production,53.3,8.1,false
dep-0110,2026-08-17,14,catalog,retail,production,19.8,14.4,false
dep-0111,2026-08-17,14,search,retail,production,5.7,6.7,true
dep-0112,2026-08-17,14,identity,platform,production,17.7,5.0,false
dep-0113,2026-08-17,14,identity,platform,production,0.4,8.8,false
dep-0114,2026-08-17,14,gateway,platform,production,37.8,2.7,false
dep-0115,2026-08-17,14,notifier,growth,production,3.7,8.4,false
dep-0116,2026-08-17,14,notifier,growth,production,8.1,11.2,false
dep-0117,2026-08-18,15,ledger,payments,production,3.0,2.7,false
dep-0118,2026-08-18,15,catalog,retail,production,38.5,16.0,false
dep-0119,2026-08-18,15,catalog,retail,production,17.7,7.6,false
dep-0120,2026-08-18,15,search,retail,production,26.9,7.2,false
dep-0121,2026-08-18,15,search,retail,staging,39.7,3.1,false
dep-0122,2026-08-18,15,identity,platform,production,10.1,15.2,false
dep-0123,2026-08-18,15,gateway,platform,production,62.5,10.7,false
dep-0124,2026-08-18,15,gateway,platform,staging,20.7,2.5,false
dep-0125,2026-08-18,15,notifier,growth,production,21.4,8.4,false
dep-0126,2026-08-19,16,checkout,payments,production,28.0,7.9,false
dep-0127,2026-08-19,16,ledger,payments,production,29.1,4.8,false
dep-0128,2026-08-19,16,catalog,retail,staging,1.7,6.3,false
dep-0129,2026-08-19,16,catalog,retail,production,47.7,12.3,false
dep-0130,2026-08-19,16,identity,platform,production,11.4,6.3,false
dep-0131,2026-08-19,16,gateway,platform,production,22.5,12.8,false
dep-0132,2026-08-19,16,gateway,platform,staging,15.2,3.2,false
dep-0133,2026-08-19,16,gateway,platform,production,18.8,10.0,false
dep-0134,2026-08-19,16,notifier,growth,production,19.3,8.9,false
dep-0135,2026-08-19,16,notifier,growth,staging,38.4,6.9,false
dep-0136,2026-08-19,16,notifier,growth,production,44.3,11.0,false
dep-0137,2026-08-20,17,checkout,payments,production,30.3,8.9,false
dep-0138,2026-08-20,17,ledger,payments,staging,26.9,0.5,false
dep-0139,2026-08-20,17,catalog,retail,staging,33.4,10.5,false
dep-0140,2026-08-20,17,catalog,retail,production,0.4,11.2,false
dep-0141,2026-08-20,17,search,retail,production,25.3,1.8,false
dep-0142,2026-08-20,17,gateway,platform,staging,18.3,4.0,true
dep-0143,2026-08-20,17,gateway,platform,production,17.3,4.6,false
dep-0144,2026-08-21,18,checkout,payments,production,26.4,11.8,false
dep-0145,2026-08-21,18,checkout,payments,production,24.4,8.6,false
dep-0146,2026-08-21,18,checkout,payments,production,0.4,7.9,false
dep-0147,2026-08-21,18,ledger,payments,staging,70.7,6.3,false
dep-0148,2026-08-21,18,catalog,retail,staging,35.5,10.5,false
dep-0149,2026-08-21,18,catalog,retail,production,0.4,9.5,false
dep-0150,2026-08-21,18,catalog,retail,production,14.4,4.9,false
dep-0151,2026-08-21,18,search,retail,production,29.2,6.7,false
dep-0152,2026-08-21,18,search,retail,production,30.6,4.4,false
dep-0153,2026-08-21,18,identity,platform,staging,0.4,10.2,false
dep-0154,2026-08-22,19,checkout,payments,production,55.0,10.5,false
dep-0155,2026-08-22,19,search,retail,production,0.4,9.2,false
dep-0156,2026-08-22,19,search,retail,staging,62.4,9.7,false
dep-0157,2026-08-22,19,identity,platform,production,17.2,6.8,false
dep-0158,2026-08-22,19,identity,platform,production,62.7,6.6,false
dep-0159,2026-08-22,19,gateway,platform,production,0.4,11.1,false
dep-0160,2026-08-22,19,notifier,growth,production,15.8,11.4,false
dep-0161,2026-08-23,20,checkout,payments,production,37.2,6.3,false
dep-0162,2026-08-23,20,checkout,payments,production,59.9,6.6,false
dep-0163,2026-08-23,20,checkout,payments,staging,26.8,10.5,false
dep-0164,2026-08-23,20,ledger,payments,production,51.4,2.5,false
dep-0165,2026-08-23,20,catalog,retail,staging,0.4,6.7,false
dep-0166,2026-08-23,20,search,retail,production,15.2,3.7,false
dep-0167,2026-08-23,20,search,retail,production,20.7,4.6,false
dep-0168,2026-08-23,20,identity,platform,production,28.3,2.5,false
dep-0169,2026-08-23,20,identity,platform,staging,21.4,4.7,false
dep-0170,2026-08-23,20,gateway,platform,production,19.3,10.5,false
dep-0171,2026-08-23,20,gateway,platform,production,30.3,0.5,false
dep-0172,2026-08-23,20,gateway,platform,production,8.2,11.9,false
dep-0173,2026-08-23,20,notifier,growth,production,0.4,0.5,false
dep-0174,2026-08-23,20,notifier,growth,production,22.4,9.4,false
dep-0175,2026-08-24,21,checkout,payments,production,25.5,2.8,false
dep-0176,2026-08-24,21,catalog,retail,staging,24.9,9.5,false
dep-0177,2026-08-24,21,search,retail,production,24.5,8.2,false
dep-0178,2026-08-24,21,search,retail,production,20.3,13.8,false
dep-0179,2026-08-24,21,identity,platform,production,40.5,10.2,false
dep-0180,2026-08-25,22,checkout,payments,production,73.7,5.9,false
dep-0181,2026-08-25,22,ledger,payments,staging,40.7,7.1,false
dep-0182,2026-08-25,22,ledger,payments,staging,57.5,5.1,false
dep-0183,2026-08-26,23,checkout,payments,production,42.4,5.3,true
dep-0184,2026-08-26,23,checkout,payments,staging,31.8,11.6,true
dep-0185,2026-08-26,23,ledger,payments,production,46.5,10.6,false
dep-0186,2026-08-26,23,catalog,retail,production,56.3,1.7,false
dep-0187,2026-08-26,23,catalog,retail,staging,45.2,10.2,false
dep-0188,2026-08-26,23,search,retail,production,47.9,6.7,false
dep-0189,2026-08-26,23,identity,platform,production,24.6,12.8,true
dep-0190,2026-08-26,23,gateway,platform,production,0.4,3.6,false
dep-0191,2026-08-26,23,gateway,platform,production,38.9,8.1,false
dep-0192,2026-08-26,23,notifier,growth,production,17.0,5.5,false
dep-0193,2026-08-26,23,notifier,growth,production,28.1,0.5,false
dep-0194,2026-08-27,24,checkout,payments,production,47.1,11.2,false
dep-0195,2026-08-27,24,search,retail,production,19.0,8.4,false
dep-0196,2026-08-27,24,identity,platform,production,42.7,9.5,false
dep-0197,2026-08-27,24,notifier,growth,production,36.5,8.0,false
dep-0198,2026-08-28,25,checkout,payments,production,63.9,11.4,false
dep-0199,2026-08-28,25,catalog,retail,production,23.3,16.4,false
dep-0200,2026-08-28,25,catalog,retail,production,0.4,9.1,false
dep-0201,2026-08-28,25,search,retail,staging,29.0,0.5,false
dep-0202,2026-08-28,25,identity,platform,staging,31.9,0.5,false
dep-0203,2026-08-28,25,identity,platform,production,34.7,8.9,false
dep-0204,2026-08-28,25,identity,platform,production,32.6,5.3,false
dep-0205,2026-08-29,26,checkout,payments,production,9.7,6.8,false
dep-0206,2026-08-29,26,catalog,retail,production,2.9,1.4,false
dep-0207,2026-08-29,26,search,retail,production,0.4,7.0,false
dep-0208,2026-08-29,26,search,retail,staging,19.8,4.2,false
dep-0209,2026-08-29,26,search,retail,staging,44.9,3.5,false
dep-0210,2026-08-29,26,identity,platform,production,31.4,9.0,false
dep-0211,2026-08-29,26,gateway,platform,production,42.9,3.9,false
dep-0212,2026-08-29,26,gateway,platform,production,22.6,0.5,false
dep-0213,2026-08-30,27,checkout,payments,production,50.5,12.7,false
dep-0214,2026-08-30,27,checkout,payments,production,24.2,3.8,false
dep-0215,2026-08-30,27,ledger,payments,staging,21.2,0.5,false
dep-0216,2026-08-30,27,ledger,payments,production,0.4,3.6,false
dep-0217,2026-08-30,27,catalog,retail,production,30.7,4.7,false
dep-0218,2026-08-30,27,search,retail,staging,6.4,1.6,false
dep-0219,2026-08-30,27,gateway,platform,production,13.1,8.6,false
dep-0220,2026-08-30,27,gateway,platform,production,38.0,4.7,false
dep-0221,2026-08-30,27,notifier,growth,staging,25.2,3.3,false
dep-0222,2026-08-30,27,notifier,growth,production,16.1,8.5,true
