node,pool,zone,cpu_pct,mem_pct,pods,pod_capacity,cost_per_hour,preemptible
node-general-a-001,general,eu-west-1a,99.0,8.0,30,58,0.055,false
node-general-a-002,general,eu-west-1a,65.9,35.7,38,58,0.055,false
node-general-a-003,general,eu-west-1a,85.4,74.9,16,58,0.055,false
node-general-a-004,general,eu-west-1a,60.7,80.0,5,58,0.055,false
node-general-a-005,general,eu-west-1a,59.3,42.9,37,58,0.055,false
node-general-a-006,general,eu-west-1a,59.0,48.1,2,58,0.055,false
node-general-a-007,general,eu-west-1a,51.1,67.6,55,58,0.055,false
node-general-a-008,general,eu-west-1a,66.7,76.7,42,58,0.055,false
node-general-b-009,general,eu-west-1b,42.8,51.9,37,58,0.055,false
node-general-b-010,general,eu-west-1b,8.6,61.0,3,58,0.055,false
node-general-b-011,general,eu-west-1b,60.3,64.0,46,58,0.055,false
node-general-b-012,general,eu-west-1b,47.6,52.3,44,58,0.055,false
node-general-b-013,general,eu-west-1b,41.9,54.0,3,58,0.055,false
node-general-b-014,general,eu-west-1b,66.8,69.2,12,58,0.055,false
node-general-c-015,general,eu-west-1c,24.5,95.6,41,58,0.055,false
node-general-c-016,general,eu-west-1c,23.0,12.9,11,58,0.055,false
node-general-c-017,general,eu-west-1c,54.5,55.2,10,58,0.055,false
node-general-c-018,general,eu-west-1c,10.4,71.9,5,58,0.055,false
node-general-c-019,general,eu-west-1c,67.0,71.6,17,58,0.055,false
node-general-c-020,general,eu-west-1c,49.9,51.9,19,58,0.055,false
node-general-c-021,general,eu-west-1c,46.3,49.5,52,58,0.055,false
node-general-c-022,general,eu-west-1c,67.8,41.9,33,58,0.055,false
node-general-c-023,general,eu-west-1c,18.8,54.3,36,58,0.055,false
node-general-c-024,general,eu-west-1c,6.5,57.8,8,58,0.055,false
node-general-c-025,general,eu-west-1c,41.4,95.9,45,58,0.055,false
node-general-c-026,general,eu-west-1c,69.8,29.5,3,58,0.055,false
node-general-c-027,general,eu-west-1c,60.8,37.8,33,58,0.055,false
node-memory-a-028,memory,eu-west-1a,58.8,64.9,4,30,0.121,false
node-memory-a-029,memory,eu-west-1a,85.8,8.0,24,30,0.121,false
node-memory-a-030,memory,eu-west-1a,49.9,60.9,10,30,0.121,false
node-memory-a-031,memory,eu-west-1a,74.2,71.8,12,30,0.121,false
node-memory-a-032,memory,eu-west-1a,72.4,88.5,28,30,0.121,false
node-memory-a-033,memory,eu-west-1a,72.4,73.8,18,30,0.121,false
node-memory-a-034,memory,eu-west-1a,57.8,74.5,23,30,0.121,false
node-memory-a-035,memory,eu-west-1a,31.5,51.9,10,30,0.121,false
node-memory-b-036,memory,eu-west-1b,32.2,64.3,13,30,0.121,false
node-memory-b-037,memory,eu-west-1b,38.4,55.4,28,30,0.121,false
node-memory-b-038,memory,eu-west-1b,18.0,22.6,18,30,0.121,false
node-memory-b-039,memory,eu-west-1b,45.5,71.6,5,30,0.121,false
node-memory-b-040,memory,eu-west-1b,19.3,99.0,4,30,0.121,false
node-memory-b-041,memory,eu-west-1b,38.4,64.1,26,30,0.121,false
node-memory-b-042,memory,eu-west-1b,13.9,8.5,29,30,0.121,false
node-memory-b-043,memory,eu-west-1b,23.0,32.4,4,30,0.121,false
node-memory-b-044,memory,eu-west-1b,92.4,65.2,22,30,0.121,false
node-memory-b-045,memory,eu-west-1b,63.7,89.4,30,30,0.121,false
node-memory-b-046,memory,eu-west-1b,71.7,26.4,9,30,0.121,false
node-memory-c-047,memory,eu-west-1c,56.1,66.3,16,30,0.121,false
node-memory-c-048,memory,eu-west-1c,56.0,60.3,6,30,0.121,false
node-memory-c-049,memory,eu-west-1c,35.2,61.3,16,30,0.121,false
node-memory-c-050,memory,eu-west-1c,27.4,30.5,27,30,0.121,false
node-memory-c-051,memory,eu-west-1c,3.0,55.1,18,30,0.121,false
node-memory-c-052,memory,eu-west-1c,26.8,8.0,12,30,0.121,false
node-memory-c-053,memory,eu-west-1c,60.2,99.0,9,30,0.121,false
node-memory-c-054,memory,eu-west-1c,61.6,52.2,16,30,0.121,false
node-memory-c-055,memory,eu-west-1c,71.4,78.0,17,30,0.121,false
node-compute-a-056,compute,eu-west-1a,11.1,42.3,37,44,0.094,false
node-compute-a-057,compute,eu-west-1a,22.0,54.6,12,44,0.094,false
node-compute-a-058,compute,eu-west-1a,57.1,73.2,16,44,0.094,false
node-compute-a-059,compute,eu-west-1a,86.5,56.2,11,44,0.094,false
node-compute-a-060,compute,eu-west-1a,65.5,67.7,32,44,0.094,false
node-compute-a-061,compute,eu-west-1a,56.9,63.8,16,44,0.094,false
node-compute-b-062,compute,eu-west-1b,51.9,75.5,21,44,0.094,false
node-compute-b-063,compute,eu-west-1b,62.7,59.4,4,44,0.094,false
node-compute-b-064,compute,eu-west-1b,99.0,58.4,33,44,0.094,false
node-compute-b-065,compute,eu-west-1b,31.8,54.9,4,44,0.094,false
node-compute-b-066,compute,eu-west-1b,78.9,63.5,4,44,0.094,false
node-compute-b-067,compute,eu-west-1b,3.0,63.0,24,44,0.094,false
node-compute-b-068,compute,eu-west-1b,83.8,51.4,19,44,0.094,false
node-compute-b-069,compute,eu-west-1b,23.1,69.6,44,44,0.094,false
node-compute-b-070,compute,eu-west-1b,52.7,20.0,36,44,0.094,false
node-compute-b-071,compute,eu-west-1b,41.2,29.9,10,44,0.094,false
node-compute-b-072,compute,eu-west-1b,83.1,24.0,35,44,0.094,false
node-compute-c-073,compute,eu-west-1c,64.0,56.2,30,44,0.094,false
node-compute-c-074,compute,eu-west-1c,80.6,46.7,19,44,0.094,false
node-compute-c-075,compute,eu-west-1c,95.1,66.6,25,44,0.094,false
node-compute-c-076,compute,eu-west-1c,52.6,78.1,11,44,0.094,false
node-compute-c-077,compute,eu-west-1c,31.6,70.7,41,44,0.094,false
node-compute-c-078,compute,eu-west-1c,54.3,51.2,13,44,0.094,false
node-compute-c-079,compute,eu-west-1c,22.4,60.0,18,44,0.094,false
node-compute-c-080,compute,eu-west-1c,35.2,38.9,16,44,0.094,false
node-spot-a-081,spot,eu-west-1a,93.0,36.8,44,58,0.019,true
node-spot-a-082,spot,eu-west-1a,55.9,69.7,54,58,0.019,true
node-spot-a-083,spot,eu-west-1a,46.9,42.3,18,58,0.019,true
node-spot-a-084,spot,eu-west-1a,21.5,47.8,50,58,0.019,true
node-spot-a-085,spot,eu-west-1a,45.6,56.0,30,58,0.019,true
node-spot-a-086,spot,eu-west-1a,69.8,55.6,35,58,0.019,true
node-spot-a-087,spot,eu-west-1a,77.0,66.3,50,58,0.019,true
node-spot-a-088,spot,eu-west-1a,72.0,88.8,25,58,0.019,true
node-spot-b-089,spot,eu-west-1b,23.7,53.2,22,58,0.019,true
node-spot-b-090,spot,eu-west-1b,39.3,34.8,17,58,0.019,true
node-spot-b-091,spot,eu-west-1b,51.1,59.7,50,58,0.019,true
node-spot-b-092,spot,eu-west-1b,31.5,57.3,48,58,0.019,true
node-spot-b-093,spot,eu-west-1b,86.6,54.5,58,58,0.019,true
node-spot-b-094,spot,eu-west-1b,55.7,83.5,10,58,0.019,true
node-spot-b-095,spot,eu-west-1b,48.8,99.0,7,58,0.019,true
node-spot-b-096,spot,eu-west-1b,15.6,78.9,5,58,0.019,true
node-spot-b-097,spot,eu-west-1b,99.0,73.6,2,58,0.019,true
node-spot-c-098,spot,eu-west-1c,44.9,63.8,45,58,0.019,true
node-spot-c-099,spot,eu-west-1c,81.1,34.1,47,58,0.019,true
node-spot-c-100,spot,eu-west-1c,34.1,55.7,54,58,0.019,true
node-spot-c-101,spot,eu-west-1c,46.2,42.4,6,58,0.019,true
node-spot-c-102,spot,eu-west-1c,53.3,71.7,50,58,0.019,true
node-spot-c-103,spot,eu-west-1c,11.3,78.2,58,58,0.019,true
node-spot-c-104,spot,eu-west-1c,39.8,66.5,36,58,0.019,true
node-spot-c-105,spot,eu-west-1c,53.0,37.4,21,58,0.019,true
node-spot-c-106,spot,eu-west-1c,49.2,44.6,15,58,0.019,true
node-spot-c-107,spot,eu-west-1c,44.0,44.2,50,58,0.019,true
node-spot-c-108,spot,eu-west-1c,68.3,25.6,20,58,0.019,true
