run_id,day,pipeline,owner_team,status,duration_min,rows_out,hours_late
run-1001,2026-08-03,orders_ingest,platform,ok,30.6,74189,0.32
run-1002,2026-08-03,orders_enrich,platform,ok,7.8,115215,1.38
run-1003,2026-08-03,clickstream_raw,growth,ok,26.2,62953,2.48
run-1004,2026-08-03,clickstream_raw,growth,ok,45.3,31571,2.06
run-1005,2026-08-03,clickstream_sessions,growth,ok,21.7,537693,5.65
run-1006,2026-08-03,clickstream_sessions,growth,ok,30.0,295086,5.51
run-1007,2026-08-03,finance_ledger,finance,ok,4.7,268814,1.31
run-1008,2026-08-03,ml_features,ml,ok,8.8,880871,7.74
run-1009,2026-08-03,crm_sync,growth,ok,28.4,160994,1.03
run-1010,2026-08-03,inventory_snapshot,platform,ok,6.2,565701,0.72
run-1011,2026-08-04,orders_ingest,platform,ok,5.1,486982,0.43
run-1012,2026-08-04,orders_enrich,platform,ok,6.2,322729,2.27
run-1013,2026-08-04,orders_enrich,platform,ok,21.8,773207,1.27
run-1014,2026-08-04,clickstream_raw,growth,ok,23.3,375710,3.05
run-1015,2026-08-04,clickstream_sessions,growth,ok,38.3,88113,4.27
run-1016,2026-08-04,finance_ledger,finance,late,22.1,865891,1.73
run-1017,2026-08-04,finance_ledger,finance,ok,4.9,515960,1.03
run-1018,2026-08-04,ml_features,ml,ok,45.7,672043,4.11
run-1019,2026-08-04,crm_sync,growth,ok,12.3,656583,0.96
run-1020,2026-08-04,crm_sync,growth,ok,14.6,370884,0.78
run-1021,2026-08-04,inventory_snapshot,platform,ok,41.8,446765,0.58
run-1022,2026-08-05,orders_ingest,platform,ok,18.3,725549,0.45
run-1023,2026-08-05,orders_enrich,platform,ok,36.9,465939,1.39
run-1024,2026-08-05,clickstream_raw,growth,ok,32.7,726729,3.59
run-1025,2026-08-05,clickstream_sessions,growth,ok,16.2,553415,2.76
run-1026,2026-08-05,clickstream_sessions,growth,ok,32.0,700622,4.67
run-1027,2026-08-05,finance_ledger,finance,ok,10.4,667176,0.86
run-1028,2026-08-05,ml_features,ml,late,22.3,873344,11.54
run-1029,2026-08-05,crm_sync,growth,ok,41.8,823798,0.96
run-1030,2026-08-05,crm_sync,growth,ok,46.6,116838,0.85
run-1031,2026-08-05,inventory_snapshot,platform,late,9.4,650800,0.82
run-1032,2026-08-05,inventory_snapshot,platform,ok,10.6,42111,0.75
run-1033,2026-08-06,orders_ingest,platform,ok,14.5,110011,0.69
run-1034,2026-08-06,orders_ingest,platform,ok,42.1,78736,0.0
run-1035,2026-08-06,orders_enrich,platform,ok,36.6,559431,0.93
run-1036,2026-08-06,clickstream_raw,growth,ok,10.9,812977,2.09
run-1037,2026-08-06,clickstream_raw,growth,failed,29.0,0,3.39
run-1038,2026-08-06,clickstream_sessions,growth,ok,20.5,290867,3.56
run-1039,2026-08-06,finance_ledger,finance,ok,47.8,653355,0.39
run-1040,2026-08-06,ml_features,ml,ok,5.5,792064,1.3
run-1041,2026-08-06,ml_features,ml,ok,10.0,886409,4.76
run-1042,2026-08-06,crm_sync,growth,ok,44.3,301774,0.32
run-1043,2026-08-06,inventory_snapshot,platform,ok,45.1,20697,0.41
run-1044,2026-08-07,orders_ingest,platform,ok,14.3,578852,0.14
run-1045,2026-08-07,orders_enrich,platform,ok,13.5,483975,0.5
run-1046,2026-08-07,clickstream_raw,growth,failed,13.7,0,2.8
run-1047,2026-08-07,clickstream_sessions,growth,ok,36.8,315797,4.93
run-1048,2026-08-07,finance_ledger,finance,ok,17.1,461820,0.26
run-1049,2026-08-07,ml_features,ml,failed,40.4,0,10.59
run-1050,2026-08-07,ml_features,ml,ok,14.2,589945,8.4
run-1051,2026-08-07,crm_sync,growth,ok,21.6,436747,1.47
run-1052,2026-08-07,inventory_snapshot,platform,ok,21.3,120788,0.41
run-1053,2026-08-08,orders_ingest,platform,ok,44.9,171609,0.28
run-1054,2026-08-08,orders_enrich,platform,ok,10.6,476075,1.61
run-1055,2026-08-08,orders_enrich,platform,ok,38.1,372392,1.2
run-1056,2026-08-08,clickstream_raw,growth,ok,9.2,163889,3.0
run-1057,2026-08-08,clickstream_sessions,growth,ok,39.5,16258,5.53
run-1058,2026-08-08,finance_ledger,finance,ok,28.5,385097,1.17
run-1059,2026-08-08,ml_features,ml,ok,5.6,24643,9.37
run-1060,2026-08-08,ml_features,ml,ok,10.3,424671,4.64
run-1061,2026-08-08,crm_sync,growth,ok,17.0,470060,1.19
run-1062,2026-08-08,crm_sync,growth,ok,12.2,359276,1.35
run-1063,2026-08-08,inventory_snapshot,platform,ok,47.8,358660,0.44
run-1064,2026-08-09,orders_ingest,platform,ok,5.3,472452,0.76
run-1065,2026-08-09,orders_ingest,platform,ok,17.3,376113,0.22
run-1066,2026-08-09,orders_enrich,platform,ok,6.3,200514,1.69
run-1067,2026-08-09,clickstream_raw,growth,ok,9.7,216070,1.59
run-1068,2026-08-09,clickstream_sessions,growth,ok,19.7,532969,6.39
run-1069,2026-08-09,clickstream_sessions,growth,ok,7.8,569853,5.22
run-1070,2026-08-09,finance_ledger,finance,ok,38.2,550109,1.26
run-1071,2026-08-09,finance_ledger,finance,ok,12.1,80499,0.78
run-1072,2026-08-09,ml_features,ml,ok,28.6,658771,3.12
run-1073,2026-08-09,crm_sync,growth,ok,32.4,253658,0.96
run-1074,2026-08-09,crm_sync,growth,ok,39.7,730355,1.97
run-1075,2026-08-09,inventory_snapshot,platform,ok,18.8,620045,0.21
run-1076,2026-08-09,inventory_snapshot,platform,ok,29.5,430272,0.52
run-1077,2026-08-10,orders_ingest,platform,ok,34.2,373900,0.6
run-1078,2026-08-10,orders_enrich,platform,ok,40.4,15490,1.07
run-1079,2026-08-10,clickstream_raw,growth,late,41.9,159509,4.65
run-1080,2026-08-10,clickstream_sessions,growth,ok,30.1,797581,2.45
run-1081,2026-08-10,clickstream_sessions,growth,ok,31.3,54109,5.11
run-1082,2026-08-10,finance_ledger,finance,ok,16.7,334606,1.33
run-1083,2026-08-10,ml_features,ml,failed,41.4,0,4.23
run-1084,2026-08-10,crm_sync,growth,ok,13.4,831175,1.6
run-1085,2026-08-10,crm_sync,growth,ok,29.2,463532,1.9
run-1086,2026-08-10,inventory_snapshot,platform,ok,16.5,26924,0.29
run-1087,2026-08-11,orders_ingest,platform,ok,19.4,695366,0.61
run-1088,2026-08-11,orders_enrich,platform,ok,33.7,514088,1.25
run-1089,2026-08-11,clickstream_raw,growth,ok,39.6,415336,0.55
run-1090,2026-08-11,clickstream_sessions,growth,ok,10.0,701243,4.17
run-1091,2026-08-11,finance_ledger,finance,ok,5.3,207826,0.86
run-1092,2026-08-11,ml_features,ml,ok,13.7,720558,8.28
run-1093,2026-08-11,crm_sync,growth,ok,43.0,871698,0.73
run-1094,2026-08-11,inventory_snapshot,platform,ok,5.6,282067,0.2
run-1095,2026-08-12,orders_ingest,platform,ok,22.4,75823,0.53
run-1096,2026-08-12,orders_ingest,platform,failed,47.0,0,0.5
run-1097,2026-08-12,orders_enrich,platform,ok,39.1,80331,2.09
run-1098,2026-08-12,orders_enrich,platform,late,36.1,500091,2.76
run-1099,2026-08-12,clickstream_raw,growth,ok,9.7,636598,4.14
run-1100,2026-08-12,clickstream_sessions,growth,ok,10.9,276480,4.98
run-1101,2026-08-12,finance_ledger,finance,ok,44.8,434231,1.03
run-1102,2026-08-12,ml_features,ml,late,14.3,620295,13.35
run-1103,2026-08-12,crm_sync,growth,ok,13.4,35809,0.94
run-1104,2026-08-12,inventory_snapshot,platform,ok,10.9,445220,0.27
run-1105,2026-08-12,inventory_snapshot,platform,ok,45.7,376560,0.3
run-1106,2026-08-13,orders_ingest,platform,failed,41.8,0,0.54
run-1107,2026-08-13,orders_enrich,platform,ok,4.0,342915,0.55
run-1108,2026-08-13,clickstream_raw,growth,ok,47.9,583038,2.02
run-1109,2026-08-13,clickstream_raw,growth,ok,26.1,878756,0.0
run-1110,2026-08-13,clickstream_sessions,growth,ok,46.4,421349,1.93
run-1111,2026-08-13,finance_ledger,finance,ok,10.8,365188,0.76
run-1112,2026-08-13,ml_features,ml,ok,4.0,85552,4.1
run-1113,2026-08-13,ml_features,ml,ok,3.2,506093,5.89
run-1114,2026-08-13,crm_sync,growth,ok,14.0,788264,0.9
run-1115,2026-08-13,inventory_snapshot,platform,ok,7.4,45907,0.37
run-1116,2026-08-14,orders_ingest,platform,ok,25.0,314865,0.96
run-1117,2026-08-14,orders_ingest,platform,ok,24.9,755611,0.09
run-1118,2026-08-14,orders_enrich,platform,failed,25.7,0,0.32
run-1119,2026-08-14,clickstream_raw,growth,ok,12.7,844413,3.24
run-1120,2026-08-14,clickstream_raw,growth,ok,45.4,431821,3.07
run-1121,2026-08-14,clickstream_sessions,growth,late,45.5,331667,8.55
run-1122,2026-08-14,finance_ledger,finance,ok,43.4,158966,1.08
run-1123,2026-08-14,finance_ledger,finance,ok,44.4,194455,1.67
run-1124,2026-08-14,ml_features,ml,ok,33.9,280130,2.84
run-1125,2026-08-14,crm_sync,growth,ok,2.7,12071,0.95
run-1126,2026-08-14,inventory_snapshot,platform,ok,46.4,818580,0.55
run-1127,2026-08-15,orders_ingest,platform,ok,12.8,819403,0.53
run-1128,2026-08-15,orders_enrich,platform,ok,25.0,837064,0.65
run-1129,2026-08-15,clickstream_raw,growth,ok,46.2,184014,0.0
run-1130,2026-08-15,clickstream_sessions,growth,ok,1.5,371364,3.83
run-1131,2026-08-15,finance_ledger,finance,ok,4.8,373062,0.23
run-1132,2026-08-15,ml_features,ml,ok,36.8,768224,9.94
run-1133,2026-08-15,crm_sync,growth,failed,3.9,0,0.92
run-1134,2026-08-15,crm_sync,growth,ok,43.3,594151,0.0
run-1135,2026-08-15,inventory_snapshot,platform,ok,2.4,743027,0.73
run-1136,2026-08-15,inventory_snapshot,platform,ok,44.3,438878,0.44
run-1137,2026-08-16,orders_ingest,platform,ok,18.8,809327,0.68
run-1138,2026-08-16,orders_enrich,platform,ok,25.0,255016,1.22
run-1139,2026-08-16,clickstream_raw,growth,ok,10.4,146797,2.85
run-1140,2026-08-16,clickstream_sessions,growth,ok,11.6,824654,5.5
run-1141,2026-08-16,finance_ledger,finance,ok,37.9,146601,1.23
run-1142,2026-08-16,ml_features,ml,ok,35.6,882329,4.21
run-1143,2026-08-16,crm_sync,growth,ok,14.2,107667,1.74
run-1144,2026-08-16,inventory_snapshot,platform,ok,21.7,626029,0.32
run-1145,2026-08-16,inventory_snapshot,platform,ok,44.3,690496,0.71
run-1146,2026-08-17,orders_ingest,platform,failed,17.2,0,0.19
run-1147,2026-08-17,orders_ingest,platform,ok,13.9,106850,0.85
run-1148,2026-08-17,orders_enrich,platform,ok,33.5,379188,1.29
run-1149,2026-08-17,clickstream_raw,growth,late,12.3,80786,5.59
run-1150,2026-08-17,clickstream_sessions,growth,ok,2.5,163037,4.39
run-1151,2026-08-17,clickstream_sessions,growth,ok,8.3,6862,0.78
run-1152,2026-08-17,finance_ledger,finance,ok,29.2,894224,0.92
run-1153,2026-08-17,ml_features,ml,ok,13.5,887209,1.86
run-1154,2026-08-17,crm_sync,growth,ok,27.2,491403,0.77
run-1155,2026-08-17,inventory_snapshot,platform,ok,19.7,415001,0.47
run-1156,2026-08-17,inventory_snapshot,platform,ok,23.4,403300,0.37
run-1157,2026-08-18,orders_ingest,platform,ok,5.4,623406,0.5
run-1158,2026-08-18,orders_ingest,platform,ok,1.7,550937,0.65
run-1159,2026-08-18,orders_enrich,platform,ok,43.9,276899,0.29
run-1160,2026-08-18,clickstream_raw,growth,ok,40.9,440420,0.11
run-1161,2026-08-18,clickstream_raw,growth,ok,29.5,276172,2.81
run-1162,2026-08-18,clickstream_sessions,growth,ok,26.2,607736,1.54
run-1163,2026-08-18,finance_ledger,finance,ok,27.2,13739,1.38
run-1164,2026-08-18,ml_features,ml,ok,23.2,607942,10.05
run-1165,2026-08-18,ml_features,ml,ok,21.6,743575,4.15
run-1166,2026-08-18,crm_sync,growth,ok,45.5,854236,0.34
run-1167,2026-08-18,inventory_snapshot,platform,ok,20.2,712516,0.22
run-1168,2026-08-19,orders_ingest,platform,ok,22.4,859342,0.97
run-1169,2026-08-19,orders_enrich,platform,ok,46.7,258428,0.14
run-1170,2026-08-19,orders_enrich,platform,ok,36.6,553859,2.44
run-1171,2026-08-19,clickstream_raw,growth,ok,31.5,643859,1.05
run-1172,2026-08-19,clickstream_sessions,growth,ok,17.5,592386,3.89
run-1173,2026-08-19,clickstream_sessions,growth,ok,26.9,268097,5.33
run-1174,2026-08-19,finance_ledger,finance,ok,22.0,628893,1.04
run-1175,2026-08-19,finance_ledger,finance,ok,4.4,542014,0.65
run-1176,2026-08-19,ml_features,ml,ok,17.5,600434,6.32
run-1177,2026-08-19,ml_features,ml,ok,38.6,32708,7.52
run-1178,2026-08-19,crm_sync,growth,late,12.4,610990,2.21
run-1179,2026-08-19,inventory_snapshot,platform,ok,7.7,341111,0.0
run-1180,2026-08-19,inventory_snapshot,platform,ok,43.3,367007,0.56
run-1181,2026-08-20,orders_ingest,platform,ok,43.0,319497,0.44
run-1182,2026-08-20,orders_enrich,platform,ok,6.3,185513,0.68
run-1183,2026-08-20,orders_enrich,platform,ok,35.9,766073,0.56
run-1184,2026-08-20,clickstream_raw,growth,ok,43.2,271659,2.23
run-1185,2026-08-20,clickstream_sessions,growth,ok,28.4,237067,3.99
run-1186,2026-08-20,finance_ledger,finance,ok,47.8,600374,1.25
run-1187,2026-08-20,ml_features,ml,ok,13.3,447419,5.69
run-1188,2026-08-20,crm_sync,growth,ok,23.7,8770,0.0
run-1189,2026-08-20,crm_sync,growth,ok,15.8,346255,0.56
run-1190,2026-08-20,inventory_snapshot,platform,ok,33.3,896993,0.4
run-1191,2026-08-21,orders_ingest,platform,ok,17.0,735023,0.36
run-1192,2026-08-21,orders_enrich,platform,ok,14.5,321823,0.96
run-1193,2026-08-21,orders_enrich,platform,ok,15.6,503396,1.19
run-1194,2026-08-21,clickstream_raw,growth,ok,27.8,281345,1.67
run-1195,2026-08-21,clickstream_raw,growth,ok,41.9,639748,2.01
run-1196,2026-08-21,clickstream_sessions,growth,ok,41.3,897495,3.9
run-1197,2026-08-21,finance_ledger,finance,ok,26.8,706858,0.99
run-1198,2026-08-21,ml_features,ml,ok,35.5,309039,10.36
run-1199,2026-08-21,crm_sync,growth,ok,11.4,260261,0.71
run-1200,2026-08-21,inventory_snapshot,platform,ok,25.4,218506,0.5
run-1201,2026-08-21,inventory_snapshot,platform,ok,12.9,257839,0.62
run-1202,2026-08-22,orders_ingest,platform,ok,47.4,36094,0.64
run-1203,2026-08-22,orders_enrich,platform,ok,9.5,597957,2.11
run-1204,2026-08-22,orders_enrich,platform,ok,27.3,608940,1.5
run-1205,2026-08-22,clickstream_raw,growth,ok,15.0,789651,2.05
run-1206,2026-08-22,clickstream_raw,growth,ok,25.1,820351,2.47
run-1207,2026-08-22,clickstream_sessions,growth,ok,13.6,880348,3.33
run-1208,2026-08-22,clickstream_sessions,growth,ok,39.0,416838,4.3
run-1209,2026-08-22,finance_ledger,finance,ok,7.9,534417,1.45
run-1210,2026-08-22,ml_features,ml,ok,38.4,448726,6.76
run-1211,2026-08-22,ml_features,ml,ok,30.4,221296,4.11
run-1212,2026-08-22,crm_sync,growth,ok,19.0,292893,0.34
run-1213,2026-08-22,inventory_snapshot,platform,ok,19.2,630228,0.47
run-1214,2026-08-22,inventory_snapshot,platform,ok,35.6,707347,0.12
run-1215,2026-08-23,orders_ingest,platform,ok,33.0,548533,0.87
run-1216,2026-08-23,orders_ingest,platform,ok,27.5,735168,0.83
run-1217,2026-08-23,orders_enrich,platform,ok,34.7,333393,1.06
run-1218,2026-08-23,clickstream_raw,growth,ok,24.6,493080,2.89
run-1219,2026-08-23,clickstream_raw,growth,ok,5.6,810313,2.06
run-1220,2026-08-23,clickstream_sessions,growth,ok,32.1,791383,5.14
run-1221,2026-08-23,finance_ledger,finance,ok,3.0,511832,0.0
run-1222,2026-08-23,finance_ledger,finance,ok,10.3,416325,0.18
run-1223,2026-08-23,ml_features,ml,ok,11.6,23430,3.13
run-1224,2026-08-23,crm_sync,growth,late,45.2,870041,2.11
run-1225,2026-08-23,inventory_snapshot,platform,ok,18.1,218864,0.32
