day,day_index,service,tier,requests,errors,budget_burn_pct,latency_p99_ms,paged
2026-08-03,0,checkout,tier1,1604648,875,54.53,396,false
2026-08-03,0,ledger,tier1,2090846,897,42.9,306,false
2026-08-03,0,gateway,tier1,800152,620,77.49,283,false
2026-08-03,0,catalog,tier2,2926405,9163,62.62,156,false
2026-08-03,0,search,tier2,1733594,38628,445.64,334,true
2026-08-03,0,identity,tier1,725789,1765,243.18,691,true
2026-08-03,0,notifier,tier3,2375733,35102,147.75,190,false
2026-08-03,0,reporting,tier3,3148247,38233,121.44,453,false
2026-08-04,1,checkout,tier1,2726190,1842,67.57,40,false
2026-08-04,1,ledger,tier1,3328821,954,28.66,318,false
2026-08-04,1,gateway,tier1,541058,815,150.63,185,true
2026-08-04,1,catalog,tier2,2896470,6979,48.19,445,false
2026-08-04,1,search,tier2,3261621,15603,95.68,467,false
2026-08-04,1,identity,tier1,1769094,1542,87.16,350,false
2026-08-04,1,notifier,tier3,2868085,56642,197.49,407,true
2026-08-04,1,reporting,tier3,427000,3361,78.71,152,false
2026-08-05,2,checkout,tier1,1767394,1388,78.53,249,false
2026-08-05,2,ledger,tier1,2872482,1115,38.82,557,false
2026-08-05,2,gateway,tier1,1689517,1135,67.18,123,false
2026-08-05,2,catalog,tier2,385507,1564,81.14,267,false
2026-08-05,2,search,tier2,1415264,10122,143.04,194,false
2026-08-05,2,identity,tier1,722942,574,79.4,506,false
2026-08-05,2,notifier,tier3,2258425,27515,121.83,298,false
2026-08-05,2,reporting,tier3,3375466,40337,119.5,542,false
2026-08-06,3,checkout,tier1,1891420,1525,80.63,136,false
2026-08-06,3,ledger,tier1,205958,95,46.13,444,false
2026-08-06,3,gateway,tier1,1362191,1482,108.8,72,false
2026-08-06,3,catalog,tier2,1124055,4927,87.66,302,false
2026-08-06,3,search,tier2,495446,3308,133.54,189,false
2026-08-06,3,identity,tier1,2373178,1681,70.83,242,false
2026-08-06,3,notifier,tier3,862458,13635,158.09,521,true
2026-08-06,3,reporting,tier3,1020526,6825,66.88,196,false
2026-08-07,4,checkout,tier1,2493172,2548,102.2,334,false
2026-08-07,4,ledger,tier1,2043083,1081,52.91,585,false
2026-08-07,4,gateway,tier1,2376783,1724,72.54,40,false
2026-08-07,4,catalog,tier2,1221241,3863,63.26,195,false
2026-08-07,4,search,tier2,2894174,11679,80.71,115,false
2026-08-07,4,identity,tier1,2666211,2303,86.38,96,false
2026-08-07,4,notifier,tier3,2584665,24281,93.94,323,false
2026-08-07,4,reporting,tier3,3074167,42526,138.33,213,false
2026-08-08,5,checkout,tier1,1253621,1400,111.68,478,false
2026-08-08,5,ledger,tier1,2636973,897,34.02,494,false
2026-08-08,5,gateway,tier1,904416,1264,139.76,160,false
2026-08-08,5,catalog,tier2,3196041,16765,104.91,65,false
2026-08-08,5,search,tier2,2376427,9432,79.38,478,false
2026-08-08,5,identity,tier1,965133,695,72.01,40,false
2026-08-08,5,notifier,tier3,1341443,25886,192.97,403,true
2026-08-08,5,reporting,tier3,3001055,17880,59.58,216,false
2026-08-09,6,checkout,tier1,2903417,1614,55.59,214,false
2026-08-09,6,ledger,tier1,1029388,604,58.68,589,false
2026-08-09,6,gateway,tier1,2416571,3066,126.87,64,false
2026-08-09,6,catalog,tier2,2947393,15144,102.76,143,false
2026-08-09,6,search,tier2,1372531,9202,134.09,316,false
2026-08-09,6,identity,tier1,3057042,1121,36.67,155,false
2026-08-09,6,notifier,tier3,795067,14289,179.72,567,true
2026-08-09,6,reporting,tier3,2592995,27561,106.29,421,false
2026-08-10,7,checkout,tier1,2794450,2997,107.25,184,false
2026-08-10,7,ledger,tier1,2803987,919,32.77,375,false
2026-08-10,7,gateway,tier1,2245887,3295,146.71,202,false
2026-08-10,7,catalog,tier2,230039,975,84.77,222,false
2026-08-10,7,search,tier2,1577594,9225,116.95,127,false
2026-08-10,7,identity,tier1,1538111,740,48.11,321,false
2026-08-10,7,notifier,tier3,2359260,43336,183.68,253,true
2026-08-10,7,reporting,tier3,1512149,15803,104.51,121,false
2026-08-11,8,checkout,tier1,805974,572,70.97,449,false
2026-08-11,8,ledger,tier1,714502,380,53.18,207,false
2026-08-11,8,gateway,tier1,764451,604,79.01,457,false
2026-08-11,8,catalog,tier2,396593,1716,86.54,378,false
2026-08-11,8,search,tier2,2910530,24437,167.92,456,true
2026-08-11,8,identity,tier1,2698540,1476,54.7,442,false
2026-08-11,8,notifier,tier3,1583945,17972,113.46,284,false
2026-08-11,8,reporting,tier3,2374013,20504,86.37,82,false
2026-08-12,9,checkout,tier1,2726440,2335,85.64,300,false
2026-08-12,9,ledger,tier1,1881094,820,43.59,341,false
2026-08-12,9,gateway,tier1,2482098,3837,154.59,588,true
2026-08-12,9,catalog,tier2,2051244,9824,95.79,512,false
2026-08-12,9,search,tier2,973310,7430,152.67,282,true
2026-08-12,9,identity,tier1,260700,154,59.07,611,false
2026-08-12,9,notifier,tier3,1277254,21180,165.82,461,true
2026-08-12,9,reporting,tier3,371320,4873,131.23,287,false
2026-08-13,10,checkout,tier1,1999609,2256,112.82,214,false
2026-08-13,10,ledger,tier1,2988322,1684,56.35,381,false
2026-08-13,10,gateway,tier1,2407618,2390,99.27,321,false
2026-08-13,10,catalog,tier2,1580386,3914,49.53,430,false
2026-08-13,10,search,tier2,457112,2141,93.68,251,false
2026-08-13,10,identity,tier1,1894491,1225,64.66,214,false
2026-08-13,10,notifier,tier3,1217504,120156,986.9,100,true
2026-08-13,10,reporting,tier3,1057816,14325,135.42,170,false
2026-08-14,11,checkout,tier1,1604473,1206,75.16,40,false
2026-08-14,11,ledger,tier1,2510302,916,36.49,361,false
2026-08-14,11,gateway,tier1,433903,367,84.58,296,false
2026-08-14,11,catalog,tier2,2230301,7472,67.0,496,false
2026-08-14,11,search,tier2,2496706,19401,155.41,394,true
2026-08-14,11,identity,tier1,2566848,2151,83.8,595,false
2026-08-14,11,notifier,tier3,1318378,12728,96.54,357,false
2026-08-14,11,reporting,tier3,2723076,25876,95.02,145,false
2026-08-15,12,checkout,tier1,2071022,1707,82.42,210,false
2026-08-15,12,ledger,tier1,796891,327,41.03,376,false
2026-08-15,12,gateway,tier1,1420794,1278,89.95,464,false
2026-08-15,12,catalog,tier2,269407,880,65.33,268,false
2026-08-15,12,search,tier2,702856,3423,97.4,40,false
2026-08-15,12,identity,tier1,2902866,1434,49.4,750,false
2026-08-15,12,notifier,tier3,949099,14050,148.04,377,false
2026-08-15,12,reporting,tier3,679115,52733,776.5,439,true
2026-08-16,13,checkout,tier1,373886,229,61.25,303,false
2026-08-16,13,ledger,tier1,2632599,997,37.87,209,false
2026-08-16,13,gateway,tier1,2747290,4307,156.77,164,true
2026-08-16,13,catalog,tier2,1939878,9394,96.85,218,false
2026-08-16,13,search,tier2,1769948,15298,172.86,298,true
2026-08-16,13,identity,tier1,2618971,1726,65.9,217,false
2026-08-16,13,notifier,tier3,243845,2635,108.06,482,false
2026-08-16,13,reporting,tier3,2243101,27476,122.49,300,false
2026-08-17,14,checkout,tier1,1948020,1345,69.04,348,false
2026-08-17,14,ledger,tier1,1912583,1069,55.89,40,false
2026-08-17,14,gateway,tier1,1098011,1484,135.15,231,false
2026-08-17,14,catalog,tier2,1070189,3790,70.83,184,false
2026-08-17,14,search,tier2,2017475,17355,172.05,353,true
2026-08-17,14,identity,tier1,1931039,1289,66.75,385,false
2026-08-17,14,notifier,tier3,857775,8877,103.49,310,false
2026-08-17,14,reporting,tier3,1480857,11049,74.61,40,false
2026-08-18,15,checkout,tier1,2444861,1767,72.27,365,false
2026-08-18,15,ledger,tier1,3199459,1640,51.26,40,false
2026-08-18,15,gateway,tier1,579046,497,85.83,438,false
2026-08-18,15,catalog,tier2,553219,1677,60.63,550,false
2026-08-18,15,search,tier2,751863,4248,113.0,394,false
2026-08-18,15,identity,tier1,1939786,8422,434.17,539,true
2026-08-18,15,notifier,tier3,1630428,15458,94.81,355,false
2026-08-18,15,reporting,tier3,2141696,30880,144.18,58,false
2026-08-19,16,checkout,tier1,3080282,1799,58.4,370,false
2026-08-19,16,ledger,tier1,722753,224,30.99,357,false
2026-08-19,16,gateway,tier1,987978,680,68.83,40,false
2026-08-19,16,catalog,tier2,3311452,9796,59.16,373,false
2026-08-19,16,search,tier2,688707,6254,181.62,461,true
2026-08-19,16,identity,tier1,2645422,1348,50.96,560,false
2026-08-19,16,notifier,tier3,1149391,14674,127.67,468,false
2026-08-19,16,reporting,tier3,3170145,46481,146.62,497,false
2026-08-20,17,checkout,tier1,861630,749,86.93,354,false
2026-08-20,17,ledger,tier1,1833968,766,41.77,503,false
2026-08-20,17,gateway,tier1,277296,447,161.2,559,true
2026-08-20,17,catalog,tier2,780350,3888,99.65,463,false
2026-08-20,17,search,tier2,592547,3184,107.47,216,false
2026-08-20,17,identity,tier1,2076420,1656,79.75,489,false
2026-08-20,17,notifier,tier3,2501728,35230,140.82,364,false
2026-08-20,17,reporting,tier3,2549767,27406,107.48,92,false
2026-08-21,18,checkout,tier1,2037883,1790,87.84,416,false
2026-08-21,18,ledger,tier1,1524583,681,44.67,211,false
2026-08-21,18,gateway,tier1,1710075,2602,152.16,581,true
2026-08-21,18,catalog,tier2,2693240,6547,48.62,212,false
2026-08-21,18,search,tier2,1742178,12638,145.08,371,false
2026-08-21,18,identity,tier1,1044482,708,67.78,40,false
2026-08-21,18,notifier,tier3,2228736,35053,157.28,289,true
2026-08-21,18,reporting,tier3,461910,38599,835.64,387,true
2026-08-22,19,checkout,tier1,2555696,15987,625.54,317,true
2026-08-22,19,ledger,tier1,3199705,1578,49.32,225,false
2026-08-22,19,gateway,tier1,2710442,3620,133.56,343,false
2026-08-22,19,catalog,tier2,1210018,4089,67.59,227,false
2026-08-22,19,search,tier2,3381434,25949,153.48,441,true
2026-08-22,19,identity,tier1,1761436,779,44.23,485,false
2026-08-22,19,notifier,tier3,611607,7254,118.61,412,false
2026-08-22,19,reporting,tier3,1885195,14874,78.9,357,false
2026-08-23,20,checkout,tier1,1509335,1506,99.78,469,false
2026-08-23,20,ledger,tier1,2797409,6519,233.04,537,true
2026-08-23,20,gateway,tier1,959118,847,88.31,227,false
2026-08-23,20,catalog,tier2,2564630,10961,85.48,318,false
2026-08-23,20,search,tier2,1348413,6107,90.58,204,false
2026-08-23,20,identity,tier1,2477753,1064,42.94,304,false
2026-08-23,20,notifier,tier3,668737,13557,202.73,40,true
2026-08-23,20,reporting,tier3,2399945,162776,678.25,339,true
2026-08-24,21,checkout,tier1,2799964,2529,90.32,273,false
2026-08-24,21,ledger,tier1,2028372,536,26.43,359,false
2026-08-24,21,gateway,tier1,233686,320,136.94,675,false
2026-08-24,21,catalog,tier2,1048541,2995,57.13,40,false
2026-08-24,21,search,tier2,1374293,11471,166.94,314,true
2026-08-24,21,identity,tier1,3373897,2431,72.05,165,false
2026-08-24,21,notifier,tier3,841729,13390,159.08,280,true
2026-08-24,21,reporting,tier3,2291121,23367,101.99,278,false
2026-08-25,22,checkout,tier1,831584,598,71.91,527,false
2026-08-25,22,ledger,tier1,2168102,868,40.04,669,false
2026-08-25,22,gateway,tier1,1574290,1416,89.95,537,false
2026-08-25,22,catalog,tier2,3341004,10108,60.51,117,false
2026-08-25,22,search,tier2,2426498,109099,899.23,172,true
2026-08-25,22,identity,tier1,3184587,1534,48.17,87,false
2026-08-25,22,notifier,tier3,2738268,37175,135.76,215,false
2026-08-25,22,reporting,tier3,3184266,24648,77.41,365,false
2026-08-26,23,checkout,tier1,2126996,1554,73.06,214,false
2026-08-26,23,ledger,tier1,3148359,1822,57.87,179,false
2026-08-26,23,gateway,tier1,2268923,3713,163.65,201,true
2026-08-26,23,catalog,tier2,868271,4453,102.57,313,false
2026-08-26,23,search,tier2,2130383,11089,104.1,398,false
2026-08-26,23,identity,tier1,2994401,2012,67.19,598,false
2026-08-26,23,notifier,tier3,745801,12406,166.34,288,true
2026-08-26,23,reporting,tier3,2565160,26214,102.19,444,false
2026-08-27,24,checkout,tier1,1165421,667,57.23,162,false
2026-08-27,24,ledger,tier1,541005,156,28.84,104,false
2026-08-27,24,gateway,tier1,1476158,2330,157.84,441,true
2026-08-27,24,catalog,tier2,278225,4943,355.32,281,true
2026-08-27,24,search,tier2,1658153,12180,146.91,369,false
2026-08-27,24,identity,tier1,1895414,1088,57.4,595,false
2026-08-27,24,notifier,tier3,2870947,174902,609.21,311,true
2026-08-27,24,reporting,tier3,1830090,14848,81.13,283,false
2026-08-28,25,checkout,tier1,2683857,2299,85.66,147,false
2026-08-28,25,ledger,tier1,1142618,529,46.3,171,false
2026-08-28,25,gateway,tier1,2637353,2794,105.94,219,false
2026-08-28,25,catalog,tier2,1583093,4994,63.09,755,false
2026-08-28,25,search,tier2,1694411,6234,73.58,479,false
2026-08-28,25,identity,tier1,2853614,1352,47.38,150,false
2026-08-28,25,notifier,tier3,1377275,20019,145.35,362,false
2026-08-28,25,reporting,tier3,2302936,18453,80.13,254,false
2026-08-29,26,checkout,tier1,1855115,1409,75.95,229,false
2026-08-29,26,ledger,tier1,875076,2343,267.75,318,true
2026-08-29,26,gateway,tier1,1034804,1032,99.73,386,false
2026-08-29,26,catalog,tier2,2134475,6531,61.2,316,false
2026-08-29,26,search,tier2,2994196,14854,99.22,425,false
2026-08-29,26,identity,tier1,2116720,1798,84.94,449,false
2026-08-29,26,notifier,tier3,1689611,29922,177.09,309,true
2026-08-29,26,reporting,tier3,3028260,26125,86.27,317,false
2026-08-30,27,checkout,tier1,1684307,1415,84.01,140,false
2026-08-30,27,ledger,tier1,324488,99,30.51,283,false
2026-08-30,27,gateway,tier1,1739871,2579,148.23,662,false
2026-08-30,27,catalog,tier2,475358,1400,58.9,567,false
2026-08-30,27,search,tier2,2174874,15308,140.77,193,false
2026-08-30,27,identity,tier1,1836556,977,53.2,399,false
2026-08-30,27,notifier,tier3,1016137,20782,204.52,161,true
2026-08-30,27,reporting,tier3,1411108,8656,61.34,416,false
