day,table_name,domain,rows,null_rate_pct,freshness_hours,missed_sla,schema_version
2026-08-03,dim_customer,core,2719426,0.59,1.1,false,4
2026-08-03,fct_order,core,2108188,0.0,1.3,false,3
2026-08-03,fct_order_line,core,2442992,0.37,6.9,true,3
2026-08-03,dim_product,core,1188047,2.29,0.1,false,4
2026-08-03,stg_clickstream,growth,2818822,5.87,0.1,false,4
2026-08-03,fct_session,growth,345384,3.62,4.7,false,4
2026-08-03,dim_campaign,growth,2242435,0.95,0.7,false,3
2026-08-03,fct_ledger_entry,finance,1006947,0.36,7.2,true,3
2026-08-03,dim_account,finance,1792686,0.11,5.1,false,3
2026-08-03,feature_store_daily,ml,2629154,0.0,2.8,false,3
2026-08-04,dim_customer,core,1468569,0.5,1.0,false,3
2026-08-04,fct_order,core,552876,0.2,0.1,false,3
2026-08-04,fct_order_line,core,2494977,0.0,6.6,true,3
2026-08-04,dim_product,core,4107950,1.48,0.1,false,3
2026-08-04,stg_clickstream,growth,16845,8.44,3.7,false,3
2026-08-04,fct_session,growth,1585101,4.45,9.7,true,4
2026-08-04,dim_campaign,growth,1160406,1.53,10.2,true,3
2026-08-04,fct_ledger_entry,finance,1110179,0.32,6.7,true,4
2026-08-04,dim_account,finance,2826054,0.2,5.6,false,3
2026-08-04,feature_store_daily,ml,1099521,7.78,6.6,true,3
2026-08-05,dim_customer,core,449253,0.31,4.6,false,3
2026-08-05,fct_order,core,1980180,0.2,1.9,false,3
2026-08-05,fct_order_line,core,4018382,0.41,2.0,false,3
2026-08-05,dim_product,core,2087128,2.69,7.5,true,3
2026-08-05,stg_clickstream,growth,2440973,6.02,2.8,false,3
2026-08-05,fct_session,growth,3302737,1.63,0.5,false,3
2026-08-05,dim_campaign,growth,314703,0.56,3.2,false,3
2026-08-05,fct_ledger_entry,finance,2805196,0.05,3.4,false,3
2026-08-05,dim_account,finance,2950482,0.0,5.9,false,3
2026-08-05,feature_store_daily,ml,627696,5.56,0.1,false,3
2026-08-06,dim_customer,core,3628414,0.65,6.2,true,3
2026-08-06,fct_order,core,3582487,0.17,5.4,false,3
2026-08-06,fct_order_line,core,3036925,0.3,7.4,true,3
2026-08-06,dim_product,core,2046153,2.0,8.1,true,3
2026-08-06,stg_clickstream,growth,325359,3.53,3.7,false,3
2026-08-06,fct_session,growth,2191909,2.12,9.8,true,3
2026-08-06,dim_campaign,growth,2006200,0.0,2.4,false,3
2026-08-06,fct_ledger_entry,finance,1644320,0.0,2.8,false,3
2026-08-06,dim_account,finance,112702,0.51,3.2,false,3
2026-08-06,feature_store_daily,ml,3355230,11.84,4.4,false,3
2026-08-07,dim_customer,core,739098,0.53,2.0,false,3
2026-08-07,fct_order,core,3933164,0.0,4.1,false,4
2026-08-07,fct_order_line,core,2798169,0.24,1.9,false,3
2026-08-07,dim_product,core,199169,1.69,3.1,false,3
2026-08-07,stg_clickstream,growth,3236427,7.99,0.1,false,4
2026-08-07,fct_session,growth,3253081,2.94,5.5,false,3
2026-08-07,dim_campaign,growth,3170732,0.44,6.1,true,3
2026-08-07,fct_ledger_entry,finance,1184856,0.56,4.8,false,3
2026-08-07,dim_account,finance,688008,0.04,7.6,true,3
2026-08-07,feature_store_daily,ml,2850544,13.09,5.9,false,4
2026-08-08,dim_customer,core,2724392,0.28,3.3,false,4
2026-08-08,fct_order,core,1165664,0.29,2.8,false,3
2026-08-08,fct_order_line,core,1272557,0.32,8.6,true,3
2026-08-08,dim_product,core,1298266,2.15,1.9,false,3
2026-08-08,stg_clickstream,growth,2408790,9.33,3.8,false,4
2026-08-08,fct_session,growth,510342,1.36,9.9,true,3
2026-08-08,dim_campaign,growth,1396560,1.26,7.2,true,3
2026-08-08,fct_ledger_entry,finance,1225024,0.3,2.1,false,3
2026-08-08,dim_account,finance,3193465,0.12,9.4,true,3
2026-08-08,feature_store_daily,ml,3927241,15.3,2.3,false,3
2026-08-09,dim_customer,core,2158564,0.67,7.6,true,3
2026-08-09,fct_order,core,3347697,0.0,1.2,false,3
2026-08-09,fct_order_line,core,1841093,0.33,5.5,false,4
2026-08-09,dim_product,core,671038,1.76,3.7,false,4
2026-08-09,stg_clickstream,growth,3487666,1.75,7.0,true,3
2026-08-09,fct_session,growth,963380,3.97,1.6,false,4
2026-08-09,dim_campaign,growth,3621397,1.53,2.7,false,3
2026-08-09,fct_ledger_entry,finance,1486611,0.58,4.3,false,3
2026-08-09,dim_account,finance,432991,0.28,3.5,false,3
2026-08-09,feature_store_daily,ml,914969,3.61,3.7,false,3
2026-08-10,dim_customer,core,3299999,0.45,3.9,false,3
2026-08-10,fct_order,core,1905659,0.23,4.9,false,3
2026-08-10,fct_order_line,core,994678,0.16,2.1,false,3
2026-08-10,dim_product,core,2756614,2.81,3.6,false,4
2026-08-10,stg_clickstream,growth,1765949,5.54,5.8,false,3
2026-08-10,fct_session,growth,3637450,0.99,3.3,false,3
2026-08-10,dim_campaign,growth,1834612,1.18,3.8,false,3
2026-08-10,fct_ledger_entry,finance,632258,0.39,4.0,false,3
2026-08-10,dim_account,finance,1602095,0.25,2.0,false,4
2026-08-10,feature_store_daily,ml,2785780,6.61,7.5,true,4
2026-08-11,dim_customer,core,2311535,0.13,1.6,false,3
2026-08-11,fct_order,core,666912,0.12,1.1,false,3
2026-08-11,fct_order_line,core,1208665,0.26,6.0,false,3
2026-08-11,dim_product,core,2060783,1.42,0.1,false,3
2026-08-11,stg_clickstream,growth,916080,9.12,9.3,true,4
2026-08-11,fct_session,growth,2143436,3.09,3.2,false,3
2026-08-11,dim_campaign,growth,2095775,0.32,2.0,false,4
2026-08-11,fct_ledger_entry,finance,2158180,0.0,1.1,false,3
2026-08-11,dim_account,finance,3906974,0.56,4.8,false,3
2026-08-11,feature_store_daily,ml,3269140,6.12,2.4,false,3
2026-08-12,dim_customer,core,819265,0.54,4.3,false,4
2026-08-12,fct_order,core,3835714,0.0,0.1,false,3
2026-08-12,fct_order_line,core,3226796,0.09,7.1,true,3
2026-08-12,dim_product,core,2189173,1.07,2.0,false,3
2026-08-12,stg_clickstream,growth,2033577,11.7,0.1,false,3
2026-08-12,fct_session,growth,4070365,0.0,4.5,false,3
2026-08-12,dim_campaign,growth,805215,1.03,0.5,false,3
2026-08-12,fct_ledger_entry,finance,3518322,0.37,7.0,true,3
2026-08-12,dim_account,finance,2657409,0.18,8.0,true,4
2026-08-12,feature_store_daily,ml,1931074,14.67,3.7,false,3
2026-08-13,dim_customer,core,2635193,0.8,0.1,false,4
2026-08-13,fct_order,core,2694105,0.0,2.6,false,3
2026-08-13,fct_order_line,core,2069244,0.0,5.1,false,3
2026-08-13,dim_product,core,505677,2.67,5.8,false,4
2026-08-13,stg_clickstream,growth,585863,4.1,4.7,false,3
2026-08-13,fct_session,growth,1383216,2.05,8.7,true,3
2026-08-13,dim_campaign,growth,3380647,1.03,7.4,true,3
2026-08-13,fct_ledger_entry,finance,3238369,0.62,0.4,false,3
2026-08-13,dim_account,finance,3470301,0.09,1.8,false,3
2026-08-13,feature_store_daily,ml,1687402,12.86,4.9,false,3
2026-08-14,dim_customer,core,3148963,0.21,0.1,false,3
2026-08-14,fct_order,core,244129,0.0,2.2,false,3
2026-08-14,fct_order_line,core,1085359,0.45,5.2,false,3
2026-08-14,dim_product,core,3766356,3.09,7.5,true,3
2026-08-14,stg_clickstream,growth,2890214,5.34,8.9,true,3
2026-08-14,fct_session,growth,2875896,3.04,3.9,false,3
2026-08-14,dim_campaign,growth,750160,1.31,1.8,false,3
2026-08-14,fct_ledger_entry,finance,1629345,0.33,5.6,false,3
2026-08-14,dim_account,finance,1333878,0.28,2.0,false,3
2026-08-14,feature_store_daily,ml,144070,15.81,4.6,false,3
2026-08-15,dim_customer,core,36617,0.3,0.9,false,3
2026-08-15,fct_order,core,1708216,0.25,6.1,true,4
2026-08-15,fct_order_line,core,339121,0.29,3.7,false,3
2026-08-15,dim_product,core,3877231,1.86,5.9,false,3
2026-08-15,stg_clickstream,growth,1822821,11.49,6.6,true,4
2026-08-15,fct_session,growth,2392693,2.34,5.0,false,3
2026-08-15,dim_campaign,growth,2519316,0.62,5.4,false,3
2026-08-15,fct_ledger_entry,finance,2231522,0.32,5.0,false,4
2026-08-15,dim_account,finance,2551923,0.52,3.0,false,4
2026-08-15,feature_store_daily,ml,3458265,4.26,5.8,false,4
2026-08-16,dim_customer,core,941850,0.93,8.4,true,4
2026-08-16,fct_order,core,1839523,0.27,3.9,false,3
2026-08-16,fct_order_line,core,1984617,0.38,6.2,true,3
2026-08-16,dim_product,core,663143,2.84,1.5,false,4
2026-08-16,stg_clickstream,growth,703473,10.32,5.2,false,3
2026-08-16,fct_session,growth,1369556,1.35,11.3,true,3
2026-08-16,dim_campaign,growth,3479338,0.87,4.9,false,3
2026-08-16,fct_ledger_entry,finance,3306784,0.15,1.8,false,3
2026-08-16,dim_account,finance,3383026,0.14,5.2,false,4
2026-08-16,feature_store_daily,ml,50965,9.36,5.5,false,3
2026-08-17,dim_customer,core,636493,0.53,6.6,true,3
2026-08-17,fct_order,core,25951,0.0,4.9,false,3
2026-08-17,fct_order_line,core,1257638,0.27,0.1,false,3
2026-08-17,dim_product,core,3673399,2.46,2.9,false,3
2026-08-17,stg_clickstream,growth,439370,8.52,0.4,false,3
2026-08-17,fct_session,growth,178068,3.77,3.2,false,4
2026-08-17,dim_campaign,growth,177985,0.91,0.6,false,3
2026-08-17,fct_ledger_entry,finance,682750,0.38,0.1,false,3
2026-08-17,dim_account,finance,1489936,0.43,2.7,false,3
2026-08-17,feature_store_daily,ml,257510,18.01,2.6,false,3
2026-08-18,dim_customer,core,1692453,0.89,4.3,false,3
2026-08-18,fct_order,core,864514,0.02,2.2,false,3
2026-08-18,fct_order_line,core,2299876,0.14,4.5,false,3
2026-08-18,dim_product,core,1588173,2.29,2.3,false,3
2026-08-18,stg_clickstream,growth,3401934,3.23,4.5,false,3
2026-08-18,fct_session,growth,3632088,5.74,3.6,false,3
2026-08-18,dim_campaign,growth,1585404,1.86,5.9,false,3
2026-08-18,fct_ledger_entry,finance,2770066,0.05,4.9,false,3
2026-08-18,dim_account,finance,2758382,0.1,4.5,false,4
2026-08-18,feature_store_daily,ml,565927,20.08,7.9,true,3
2026-08-19,dim_customer,core,3900363,0.48,2.4,false,3
2026-08-19,fct_order,core,1252345,0.11,6.2,true,4
2026-08-19,fct_order_line,core,2927134,0.21,7.8,true,3
2026-08-19,dim_product,core,3095339,1.52,1.9,false,4
2026-08-19,stg_clickstream,growth,692625,3.13,3.9,false,3
2026-08-19,fct_session,growth,1359852,0.95,5.2,false,3
2026-08-19,dim_campaign,growth,2749853,0.92,8.7,true,3
2026-08-19,fct_ledger_entry,finance,874970,0.0,5.5,false,4
2026-08-19,dim_account,finance,3700345,0.21,3.5,false,3
2026-08-19,feature_store_daily,ml,2248475,16.14,9.3,true,4
2026-08-20,dim_customer,core,3212075,0.49,0.5,false,4
2026-08-20,fct_order,core,1902099,0.0,10.3,true,3
2026-08-20,fct_order_line,core,3062583,0.0,5.0,false,3
2026-08-20,dim_product,core,3218736,0.22,4.9,false,3
2026-08-20,stg_clickstream,growth,1143274,4.97,0.1,false,3
2026-08-20,fct_session,growth,411420,3.69,0.1,false,3
2026-08-20,dim_campaign,growth,1228449,0.28,0.5,false,3
2026-08-20,fct_ledger_entry,finance,3180878,0.14,3.6,false,4
2026-08-20,dim_account,finance,410918,0.29,6.3,true,3
2026-08-20,feature_store_daily,ml,2023940,7.49,1.4,false,3
2026-08-21,dim_customer,core,164162,0.76,1.7,false,3
2026-08-21,fct_order,core,2878352,0.12,4.9,false,4
2026-08-21,fct_order_line,core,3481864,0.31,4.9,false,3
2026-08-21,dim_product,core,3459942,3.54,1.9,false,3
2026-08-21,stg_clickstream,growth,2850679,2.17,7.6,true,4
2026-08-21,fct_session,growth,3848910,2.95,6.5,true,3
2026-08-21,dim_campaign,growth,1281820,1.46,2.2,false,4
2026-08-21,fct_ledger_entry,finance,249281,0.76,9.3,true,3
2026-08-21,dim_account,finance,1496701,0.17,2.5,false,3
2026-08-21,feature_store_daily,ml,979672,5.67,0.8,false,3
2026-08-22,dim_customer,core,921926,0.54,4.8,false,3
2026-08-22,fct_order,core,2509908,0.0,2.8,false,3
2026-08-22,fct_order_line,core,354012,0.0,6.9,true,3
2026-08-22,dim_product,core,1203238,1.34,6.4,true,3
2026-08-22,stg_clickstream,growth,1317916,8.55,4.6,false,4
2026-08-22,fct_session,growth,2307360,3.36,3.3,false,3
2026-08-22,dim_campaign,growth,2681533,0.7,3.5,false,3
2026-08-22,fct_ledger_entry,finance,1619811,0.34,1.8,false,3
2026-08-22,dim_account,finance,951195,0.63,1.6,false,4
2026-08-22,feature_store_daily,ml,3807823,2.08,7.1,true,3
2026-08-23,dim_customer,core,2657211,0.34,5.6,false,3
2026-08-23,fct_order,core,3421260,0.19,3.6,false,3
2026-08-23,fct_order_line,core,2735212,0.29,6.0,false,3
2026-08-23,dim_product,core,3196926,1.5,1.0,false,3
2026-08-23,stg_clickstream,growth,3734431,12.91,3.0,false,3
2026-08-23,fct_session,growth,3761298,2.92,4.3,false,3
2026-08-23,dim_campaign,growth,2016764,0.99,4.5,false,3
2026-08-23,fct_ledger_entry,finance,3640956,0.32,5.6,false,3
2026-08-23,dim_account,finance,260674,0.37,0.1,false,3
2026-08-23,feature_store_daily,ml,3700352,16.41,4.0,false,3
