week,week_index,region,segment,revenue,accounts,new_accounts,churned_accounts,support_tickets
2026-W01,1,north,smb,36989.43,407,14,3,63
2026-W01,1,north,mid-market,136669.88,92,4,0,77
2026-W01,1,north,strategic,408255.4,18,0,0,147
2026-W01,1,south,smb,38305.87,388,6,2,33
2026-W01,1,south,mid-market,125414.95,98,3,0,28
2026-W01,1,south,strategic,425972.77,17,0,0,176
2026-W01,1,east,smb,42750.47,458,4,3,170
2026-W01,1,east,mid-market,117851.92,97,1,1,60
2026-W01,1,east,strategic,438028.67,17,0,0,157
2026-W01,1,west,smb,45812.79,439,19,3,174
2026-W01,1,west,mid-market,139928.69,91,3,0,16
2026-W01,1,west,strategic,371114.54,18,0,0,149
2026-W02,2,north,smb,42402.98,457,22,5,44
2026-W02,2,north,mid-market,142447.82,102,2,0,93
2026-W02,2,north,strategic,426286.27,16,0,0,169
2026-W02,2,south,smb,39289.57,381,15,4,136
2026-W02,2,south,mid-market,117889.33,102,4,1,86
2026-W02,2,south,strategic,407511.23,19,0,0,109
2026-W02,2,east,smb,41540.59,435,21,8,13
2026-W02,2,east,mid-market,122204.24,91,2,0,61
2026-W02,2,east,strategic,396321.12,16,0,0,70
2026-W02,2,west,smb,40074.82,412,10,2,46
2026-W02,2,west,mid-market,145882.72,99,2,1,90
2026-W02,2,west,strategic,411349.65,17,0,0,10
2026-W03,3,north,smb,40815.37,427,21,5,61
2026-W03,3,north,mid-market,112144.31,94,5,0,141
2026-W03,3,north,strategic,378086.58,18,0,0,159
2026-W03,3,south,smb,45526.78,429,13,1,174
2026-W03,3,south,mid-market,142958.92,105,2,0,136
2026-W03,3,south,strategic,365735.17,17,0,0,113
2026-W03,3,east,smb,42665.31,392,18,4,163
2026-W03,3,east,mid-market,144732.89,87,1,0,118
2026-W03,3,east,strategic,360581.95,16,0,0,20
2026-W03,3,west,smb,44571.73,448,15,7,78
2026-W03,3,west,mid-market,145040.1,91,1,1,130
2026-W03,3,west,strategic,395783.37,19,0,0,24
2026-W04,4,north,smb,46648.91,434,20,1,39
2026-W04,4,north,mid-market,139003.8,100,5,0,75
2026-W04,4,north,strategic,407723.18,17,0,0,144
2026-W04,4,south,smb,41962.1,393,6,3,110
2026-W04,4,south,mid-market,143141.41,90,4,1,8
2026-W04,4,south,strategic,450875.18,16,0,0,89
2026-W04,4,east,smb,43541.83,436,7,7,49
2026-W04,4,east,mid-market,136077.06,88,2,1,143
2026-W04,4,east,strategic,462587.74,16,0,0,35
2026-W04,4,west,smb,47377.87,399,6,1,130
2026-W04,4,west,mid-market,126920.38,104,2,1,110
2026-W04,4,west,strategic,396510.23,18,1,0,98
2026-W05,5,north,smb,45193.91,390,17,3,109
2026-W05,5,north,mid-market,126264.04,102,2,1,167
2026-W05,5,north,strategic,392104.93,17,0,0,20
2026-W05,5,south,smb,43064.28,421,25,4,149
2026-W05,5,south,mid-market,139076.22,103,1,0,44
2026-W05,5,south,strategic,404253.96,16,0,0,23
2026-W05,5,east,smb,47556.87,434,17,7,121
2026-W05,5,east,mid-market,147688.27,97,5,0,123
2026-W05,5,east,strategic,446827.89,17,0,0,20
2026-W05,5,west,smb,44187.51,448,15,3,151
2026-W05,5,west,mid-market,140876.97,94,2,0,110
2026-W05,5,west,strategic,459491.77,17,0,0,119
2026-W06,6,north,smb,43462.33,422,22,3,60
2026-W06,6,north,mid-market,130123.96,97,3,1,129
2026-W06,6,north,strategic,403428.81,19,0,0,36
2026-W06,6,south,smb,44377.65,384,18,4,54
2026-W06,6,south,mid-market,135513.01,87,0,1,121
2026-W06,6,south,strategic,456521.96,18,0,0,146
2026-W06,6,east,smb,45113.86,421,18,2,22
2026-W06,6,east,mid-market,126429.06,95,1,1,30
2026-W06,6,east,strategic,432991.19,19,0,0,92
2026-W06,6,west,smb,44067.24,459,12,6,128
2026-W06,6,west,mid-market,128985.24,90,4,1,132
2026-W06,6,west,strategic,384782.23,18,0,0,13
2026-W07,7,north,smb,38094.55,460,22,3,160
2026-W07,7,north,mid-market,116063.09,89,3,0,24
2026-W07,7,north,strategic,374124.54,19,0,0,52
2026-W07,7,south,smb,47160.13,427,19,4,126
2026-W07,7,south,mid-market,115489.19,100,2,0,92
2026-W07,7,south,strategic,404110.31,16,0,0,30
2026-W07,7,east,smb,43301.66,443,12,2,4
2026-W07,7,east,mid-market,113696.89,99,5,1,49
2026-W07,7,east,strategic,371929.62,18,0,0,37
2026-W07,7,west,smb,38711.26,396,12,6,56
2026-W07,7,west,mid-market,134899.82,102,4,0,156
2026-W07,7,west,strategic,430031.8,18,0,0,19
2026-W08,8,north,smb,40699.1,421,14,7,18
2026-W08,8,north,mid-market,125892.84,95,2,1,117
2026-W08,8,north,strategic,426254.22,16,0,0,133
2026-W08,8,south,smb,47804.1,440,25,5,168
2026-W08,8,south,mid-market,113739.69,100,1,1,83
2026-W08,8,south,strategic,391165.07,17,0,0,14
2026-W08,8,east,smb,44283.25,429,10,6,103
2026-W08,8,east,mid-market,126362.98,88,1,0,92
2026-W08,8,east,strategic,381088.66,19,0,0,83
2026-W08,8,west,smb,40838.67,399,8,6,132
2026-W08,8,west,mid-market,135090.48,96,5,1,23
2026-W08,8,west,strategic,378559.48,18,0,0,119
2026-W09,9,north,smb,37851.81,402,9,0,146
2026-W09,9,north,mid-market,141845.32,93,3,0,40
2026-W09,9,north,strategic,383934.11,16,0,0,4
2026-W09,9,south,smb,38567.64,413,13,4,168
2026-W09,9,south,mid-market,120577.09,88,3,1,70
2026-W09,9,south,strategic,377007.93,18,0,0,12
2026-W09,9,east,smb,46688.46,428,16,7,22
2026-W09,9,east,mid-market,121934.39,93,5,0,14
2026-W09,9,east,strategic,446440.59,16,0,0,57
2026-W09,9,west,smb,36622.88,392,14,5,114
2026-W09,9,west,mid-market,120055.75,89,2,1,58
2026-W09,9,west,strategic,426018.98,16,0,0,124
2026-W10,10,north,smb,38247.31,451,20,3,153
2026-W10,10,north,mid-market,119674.45,102,3,1,149
2026-W10,10,north,strategic,432405.7,19,0,0,127
2026-W10,10,south,smb,39375.24,396,10,3,14
2026-W10,10,south,mid-market,120498.4,98,5,1,134
2026-W10,10,south,strategic,383576.52,19,0,0,49
2026-W10,10,east,smb,40525.97,456,23,6,167
2026-W10,10,east,mid-market,145706.32,95,4,1,8
2026-W10,10,east,strategic,369141.62,18,0,0,151
2026-W10,10,west,smb,39817.47,439,25,7,41
2026-W10,10,west,mid-market,127153.17,94,1,1,39
2026-W10,10,west,strategic,401919.2,17,0,0,106
2026-W11,11,north,smb,36922.51,441,23,3,33
2026-W11,11,north,mid-market,151941.18,92,4,1,150
2026-W11,11,north,strategic,383788.89,17,0,0,44
2026-W11,11,south,smb,45783.87,411,6,3,30
2026-W11,11,south,mid-market,131926.18,97,4,1,17
2026-W11,11,south,strategic,397712.07,18,0,0,9
2026-W11,11,east,smb,40875.24,397,8,6,60
2026-W11,11,east,mid-market,126487.13,91,4,1,134
2026-W11,11,east,strategic,473771.52,17,0,0,54
2026-W11,11,west,smb,39987.72,439,25,5,153
2026-W11,11,west,mid-market,127986.95,93,2,1,37
2026-W11,11,west,strategic,372108.3,18,0,0,119
2026-W12,12,north,smb,41442.74,383,14,5,99
2026-W12,12,north,mid-market,137563.71,89,0,1,79
2026-W12,12,north,strategic,441739.31,16,0,0,93
2026-W12,12,south,smb,38307.42,437,6,1,127
2026-W12,12,south,mid-market,145900.73,93,2,1,6
2026-W12,12,south,strategic,472325.58,17,0,0,80
2026-W12,12,east,smb,48080.34,416,6,5,152
2026-W12,12,east,mid-market,126863.22,105,1,1,97
2026-W12,12,east,strategic,373563.78,16,0,0,168
2026-W12,12,west,smb,47762.84,421,15,5,62
2026-W12,12,west,mid-market,124894.7,94,2,1,76
2026-W12,12,west,strategic,418918.04,18,0,0,108
2026-W13,13,north,smb,47838.5,430,17,8,164
2026-W13,13,north,mid-market,127797.38,89,2,0,135
2026-W13,13,north,strategic,423362.68,16,0,0,157
2026-W13,13,south,smb,44213.63,389,5,7,4
2026-W13,13,south,mid-market,118798.17,102,3,1,29
2026-W13,13,south,strategic,408014.29,16,0,0,51
2026-W13,13,east,smb,40523.58,397,12,5,66
2026-W13,13,east,mid-market,122900.03,92,4,1,109
2026-W13,13,east,strategic,476491.4,18,0,0,98
2026-W13,13,west,smb,41735.73,408,5,6,134
2026-W13,13,west,mid-market,133260.37,95,2,1,101
2026-W13,13,west,strategic,416750.6,17,0,0,14
2026-W14,14,north,smb,46131.03,443,5,5,44
2026-W14,14,north,mid-market,120650.52,95,3,1,107
2026-W14,14,north,strategic,474130.54,19,0,0,117
2026-W14,14,south,smb,39920.01,390,17,6,123
2026-W14,14,south,mid-market,150414.99,94,1,0,178
2026-W14,14,south,strategic,390442.73,18,0,0,81
2026-W14,14,east,smb,44201.18,451,23,8,39
2026-W14,14,east,mid-market,119442.15,103,5,1,119
2026-W14,14,east,strategic,454121.29,17,0,0,110
2026-W14,14,west,smb,45778.82,431,21,2,80
2026-W14,14,west,mid-market,150176.81,94,4,0,44
2026-W14,14,west,strategic,448680.95,17,0,0,171
2026-W15,15,north,smb,41071.77,435,6,8,60
2026-W15,15,north,mid-market,122641.97,93,4,0,131
2026-W15,15,north,strategic,442956.65,16,0,0,173
2026-W15,15,south,smb,44645.27,426,11,1,132
2026-W15,15,south,mid-market,131098.78,87,2,1,124
2026-W15,15,south,strategic,441991.75,16,0,0,131
2026-W15,15,east,smb,40941.29,450,18,1,71
2026-W15,15,east,mid-market,118987.07,87,1,0,104
2026-W15,15,east,strategic,443712.59,16,0,0,97
2026-W15,15,west,smb,48339.94,459,14,3,24
2026-W15,15,west,mid-market,152641.81,99,2,0,134
2026-W15,15,west,strategic,458111.74,19,0,0,63
2026-W16,16,north,smb,37775.93,411,16,3,114
2026-W16,16,north,mid-market,129608.42,101,1,0,158
2026-W16,16,north,strategic,441112.78,16,0,0,115
2026-W16,16,south,smb,44715.89,393,9,4,172
2026-W16,16,south,mid-market,121981.79,95,2,0,86
2026-W16,16,south,strategic,423169.05,18,0,0,98
2026-W16,16,east,smb,38636.77,418,21,5,179
2026-W16,16,east,mid-market,143323.58,99,3,1,129
2026-W16,16,east,strategic,458035.19,18,0,0,175
2026-W16,16,west,smb,45838.94,398,16,6,175
2026-W16,16,west,mid-market,152531.08,101,1,2,58
2026-W16,16,west,strategic,388031.87,19,0,0,27
2026-W17,17,north,smb,40764.85,393,11,3,18
2026-W17,17,north,mid-market,117620.84,102,1,1,178
2026-W17,17,north,strategic,430056.95,16,0,0,115
2026-W17,17,south,smb,48881.79,446,19,5,97
2026-W17,17,south,mid-market,122233.0,103,3,0,166
2026-W17,17,south,strategic,431435.25,17,0,0,17
2026-W17,17,east,smb,43006.79,445,13,7,32
2026-W17,17,east,mid-market,144657.43,87,3,1,112
2026-W17,17,east,strategic,444238.3,16,0,0,62
2026-W17,17,west,smb,47635.13,435,19,7,103
2026-W17,17,west,mid-market,126655.85,105,5,0,64
2026-W17,17,west,strategic,371177.66,17,0,0,7
2026-W18,18,north,smb,47502.46,428,8,5,25
2026-W18,18,north,mid-market,132043.14,91,1,0,18
2026-W18,18,north,strategic,458430.61,18,0,0,93
2026-W18,18,south,smb,47470.19,431,6,5,28
2026-W18,18,south,mid-market,124653.8,99,1,1,45
2026-W18,18,south,strategic,396740.61,17,0,0,67
2026-W18,18,east,smb,41380.49,459,18,3,46
2026-W18,18,east,mid-market,129986.11,97,3,0,104
2026-W18,18,east,strategic,418436.75,19,0,0,83
2026-W18,18,west,smb,49494.42,445,8,1,19
2026-W18,18,west,mid-market,130856.77,91,4,1,72
2026-W18,18,west,strategic,451597.47,17,0,0,124
2026-W19,19,north,smb,45221.67,456,19,8,105
2026-W19,19,north,mid-market,140294.77,95,5,1,51
2026-W19,19,north,strategic,379692.25,19,0,0,86
2026-W19,19,south,smb,48974.81,424,9,1,124
2026-W19,19,south,mid-market,144445.6,99,1,1,81
2026-W19,19,south,strategic,490583.73,18,0,0,144
2026-W19,19,east,smb,46969.28,412,14,6,98
2026-W19,19,east,mid-market,141034.86,87,0,1,118
2026-W19,19,east,strategic,483689.27,18,0,0,18
2026-W19,19,west,smb,48234.0,380,19,6,19
2026-W19,19,west,mid-market,133611.3,103,5,0,82
2026-W19,19,west,strategic,434052.37,16,0,0,33
2026-W20,20,north,smb,43629.63,450,16,8,85
2026-W20,20,north,mid-market,130840.01,94,2,1,168
2026-W20,20,north,strategic,442104.25,18,0,0,78
2026-W20,20,south,smb,46727.36,459,21,9,127
2026-W20,20,south,mid-market,136109.97,100,1,0,124
2026-W20,20,south,strategic,411489.83,17,0,0,154
2026-W20,20,east,smb,40334.78,401,15,4,108
2026-W20,20,east,mid-market,142829.64,91,1,0,143
2026-W20,20,east,strategic,393266.92,18,0,0,24
2026-W20,20,west,smb,42269.75,404,17,4,39
2026-W20,20,west,mid-market,136805.1,96,3,1,54
2026-W20,20,west,strategic,436825.57,17,0,0,6
2026-W21,21,north,smb,44466.37,387,20,7,30
2026-W21,21,north,mid-market,151563.26,104,5,1,65
2026-W21,21,north,strategic,450364.16,18,0,0,91
2026-W21,21,south,smb,48623.24,438,6,5,113
2026-W21,21,south,mid-market,130437.15,104,4,1,104
2026-W21,21,south,strategic,452184.87,16,0,0,13
2026-W21,21,east,smb,38551.55,423,25,5,87
2026-W21,21,east,mid-market,139491.55,105,1,0,21
2026-W21,21,east,strategic,463188.82,19,0,0,143
2026-W21,21,west,smb,45798.97,439,17,6,48
2026-W21,21,west,mid-market,141949.71,89,5,1,168
2026-W21,21,west,strategic,408381.89,17,0,0,153
2026-W22,22,north,smb,39730.22,453,26,8,161
2026-W22,22,north,mid-market,127193.21,104,3,1,25
2026-W22,22,north,strategic,421089.88,17,0,0,101
2026-W22,22,south,smb,46719.57,429,24,8,157
2026-W22,22,south,mid-market,149081.89,98,2,1,28
2026-W22,22,south,strategic,492698.53,18,0,0,120
2026-W22,22,east,smb,48828.63,427,23,6,121
2026-W22,22,east,mid-market,121775.36,93,1,0,42
2026-W22,22,east,strategic,475219.81,18,0,0,77
2026-W22,22,west,smb,43137.38,453,14,9,158
2026-W22,22,west,mid-market,146990.82,97,4,2,23
2026-W22,22,west,strategic,438848.41,16,0,0,31
2026-W23,23,north,smb,48553.35,458,14,4,107
2026-W23,23,north,mid-market,158188.55,101,3,1,168
2026-W23,23,north,strategic,469239.92,19,0,0,174
2026-W23,23,south,smb,47555.92,378,6,5,179
2026-W23,23,south,mid-market,138251.89,97,5,1,23
2026-W23,23,south,strategic,431604.51,17,0,0,175
2026-W23,23,east,smb,46541.19,443,12,8,87
2026-W23,23,east,mid-market,154814.7,95,2,0,138
2026-W23,23,east,strategic,460922.36,19,0,0,53
2026-W23,23,west,smb,43483.37,389,12,5,126
2026-W23,23,west,mid-market,128382.74,100,2,2,82
2026-W23,23,west,strategic,409244.94,19,0,0,50
2026-W24,24,north,smb,49678.33,387,17,1,35
2026-W24,24,north,mid-market,135184.1,90,5,1,38
2026-W24,24,north,strategic,384093.49,17,0,0,32
2026-W24,24,south,smb,42588.17,417,17,3,129
2026-W24,24,south,mid-market,121876.11,95,5,0,152
2026-W24,24,south,strategic,409887.3,18,0,0,4
2026-W24,24,east,smb,39229.25,448,20,7,123
2026-W24,24,east,mid-market,143519.68,94,3,1,25
2026-W24,24,east,strategic,487408.34,17,0,0,124
2026-W24,24,west,smb,41292.59,434,20,4,95
2026-W24,24,west,mid-market,128538.78,89,2,1,142
2026-W24,24,west,strategic,424886.35,19,0,0,136
2026-W25,25,north,smb,46276.15,385,17,5,167
2026-W25,25,north,mid-market,123497.2,104,1,1,155
2026-W25,25,north,strategic,423850.1,16,0,0,57
2026-W25,25,south,smb,50432.02,444,19,2,50
2026-W25,25,south,mid-market,142207.66,101,3,1,153
2026-W25,25,south,strategic,381984.31,19,0,0,153
2026-W25,25,east,smb,50922.03,400,8,3,66
2026-W25,25,east,mid-market,156303.89,104,3,0,148
2026-W25,25,east,strategic,459024.77,18,0,0,35
2026-W25,25,west,smb,46352.58,382,15,3,16
2026-W25,25,west,mid-market,132301.24,96,1,0,88
2026-W25,25,west,strategic,385949.11,16,0,0,161
2026-W26,26,north,smb,38816.51,434,11,2,53
2026-W26,26,north,mid-market,121362.67,90,4,0,137
2026-W26,26,north,strategic,396009.96,17,0,0,100
2026-W26,26,south,smb,42468.92,384,10,6,148
2026-W26,26,south,mid-market,127317.72,102,4,1,36
2026-W26,26,south,strategic,432905.51,17,0,0,168
2026-W26,26,east,smb,40852.59,387,17,3,113
2026-W26,26,east,mid-market,149158.06,90,3,0,154
2026-W26,26,east,strategic,402979.29,18,0,0,70
2026-W26,26,west,smb,45410.62,381,18,6,31
2026-W26,26,west,mid-market,155496.73,94,3,1,167
2026-W26,26,west,strategic,436520.28,19,0,0,16
