order_id,day,region,channel,units,amount
1,2026-08-19,north,partner,22,44.0
2,2026-08-19,south,partner,34,591.6
3,2026-08-01,north,online,23,174.8
4,2026-08-07,north,partner,29,498.8
5,2026-08-04,north,retail,13,144.3
6,2026-08-07,east,retail,24,192.0
7,2026-08-07,north,partner,2,10.2
8,2026-08-15,north,online,9,146.7
9,2026-08-01,north,partner,27,151.2
10,2026-08-08,east,online,3,60.6
11,2026-08-08,north,partner,27,256.5
12,2026-08-21,east,retail,32,441.6
13,2026-08-08,west,partner,19,304.0
14,2026-08-06,south,retail,23,179.4
15,2026-08-06,south,partner,29,461.1
16,2026-08-25,east,online,23,416.3
17,2026-08-28,north,retail,35,567.0
18,2026-08-02,west,partner,5,66.0
19,2026-08-26,east,partner,31,353.4
20,2026-08-24,north,online,13,219.7
21,2026-08-20,north,retail,38,638.4
22,2026-08-08,south,online,8,144.0
23,2026-08-12,south,retail,2,34.6
24,2026-08-14,east,online,32,572.8
25,2026-08-25,west,partner,17,227.8
26,2026-08-25,west,retail,18,70.2
27,2026-08-22,south,retail,15,192.0
28,2026-08-12,west,online,38,425.6
29,2026-08-02,north,online,8,16.8
30,2026-08-17,east,retail,7,32.2
31,2026-08-22,north,partner,21,134.4
32,2026-08-07,north,partner,31,133.3
33,2026-08-02,west,online,9,172.8
34,2026-08-04,west,retail,16,179.2
35,2026-08-04,east,retail,30,495.0
36,2026-08-22,east,partner,9,22.5
37,2026-08-08,south,online,8,14.4
38,2026-08-20,south,partner,8,88.8
39,2026-08-25,east,partner,1,18.8
40,2026-08-27,east,online,10,111.0
41,2026-08-21,north,retail,17,62.9
42,2026-08-04,east,partner,26,507.0
43,2026-08-16,west,partner,16,33.6
44,2026-08-18,east,retail,1,20.0
45,2026-08-21,south,retail,32,368.0
46,2026-08-10,east,partner,31,235.6
47,2026-08-23,west,retail,3,18.3
48,2026-08-07,south,partner,36,241.2
49,2026-08-17,north,online,19,74.1
50,2026-08-25,east,partner,20,246.0
51,2026-08-02,south,retail,11,66.0
52,2026-08-27,west,retail,26,195.0
53,2026-08-24,west,retail,37,518.0
54,2026-08-02,south,online,25,402.5
55,2026-08-14,north,partner,39,312.0
56,2026-08-11,north,online,25,450.0
57,2026-08-18,north,online,4,75.2
58,2026-08-06,north,online,2,17.0
59,2026-08-18,south,partner,25,497.5
60,2026-08-22,north,online,8,67.2
61,2026-08-03,west,online,35,535.5
62,2026-08-21,south,online,8,32.8
63,2026-08-25,west,online,32,278.4
64,2026-08-10,south,online,29,272.6
65,2026-08-16,south,online,39,495.3
66,2026-08-08,west,retail,8,4.0
67,2026-08-25,east,retail,38,577.6
68,2026-08-15,east,retail,40,284.0
69,2026-08-10,south,online,13,40.3
70,2026-08-03,west,online,34,438.6
71,2026-08-16,east,partner,35,700.0
72,2026-08-21,south,retail,37,725.2
73,2026-08-15,south,partner,9,154.8
74,2026-08-06,south,partner,2,1.2
75,2026-08-01,west,partner,23,48.3
76,2026-08-05,south,retail,12,68.4
77,2026-08-11,south,online,7,128.8
78,2026-08-07,east,partner,10,44.0
79,2026-08-07,north,online,20,74.0
80,2026-08-24,west,online,19,112.1
81,2026-08-27,east,partner,5,99.5
82,2026-08-05,west,retail,20,378.0
83,2026-08-20,east,retail,40,672.0
84,2026-08-13,north,online,25,375.0
85,2026-08-07,west,online,39,725.4
86,2026-08-06,west,online,12,200.4
87,2026-08-10,south,partner,22,396.0
88,2026-08-10,north,retail,13,81.9
89,2026-08-25,west,online,24,470.4
90,2026-08-17,north,partner,3,23.1
91,2026-08-05,east,online,37,588.3
92,2026-08-19,north,retail,4,74.4
93,2026-08-23,north,online,15,228.0
94,2026-08-11,east,retail,12,93.6
95,2026-08-22,south,online,22,105.6
96,2026-08-20,north,online,22,94.6
97,2026-08-03,north,partner,14,110.6
98,2026-08-01,south,retail,17,113.9
99,2026-08-20,north,retail,17,22.1
100,2026-08-18,south,partner,16,307.2
101,2026-08-13,east,partner,19,376.2
102,2026-08-08,east,retail,22,61.6
103,2026-08-09,north,online,7,137.9
104,2026-08-25,east,online,18,252.0
105,2026-08-15,south,online,35,129.5
106,2026-08-02,south,partner,20,22.0
107,2026-08-13,east,partner,24,264.0
108,2026-08-02,east,online,25,210.0
109,2026-08-03,west,online,9,136.8
110,2026-08-18,north,retail,38,418.0
111,2026-08-05,west,partner,6,109.8
112,2026-08-02,west,online,21,363.3
113,2026-08-12,west,online,18,230.4
114,2026-08-12,east,online,15,72.0
115,2026-08-24,south,partner,16,139.2
116,2026-08-25,west,retail,11,108.9
117,2026-08-16,east,retail,2,3.6
118,2026-08-04,west,partner,25,160.0
119,2026-08-25,north,online,39,666.9
120,2026-08-15,west,retail,19,324.9
121,2026-08-22,north,online,7,133.0
122,2026-08-14,south,online,22,15.4
123,2026-08-21,east,partner,11,90.2
124,2026-08-21,east,retail,26,356.2
125,2026-08-16,west,partner,37,88.8
126,2026-08-28,north,retail,25,172.5
127,2026-08-25,south,online,5,49.5
128,2026-08-03,south,partner,8,104.0
129,2026-08-17,south,retail,16,272.0
130,2026-08-09,south,online,21,392.7
131,2026-08-09,west,online,13,150.8
132,2026-08-14,south,retail,2,37.2
133,2026-08-19,east,retail,28,61.6
134,2026-08-27,west,partner,36,381.6
135,2026-08-25,south,retail,37,403.3
136,2026-08-15,east,online,40,628.0
137,2026-08-25,west,partner,23,312.8
138,2026-08-05,north,partner,9,80.1
139,2026-08-07,east,online,35,679.0
140,2026-08-22,north,retail,40,516.0
141,2026-08-25,west,retail,12,241.2
142,2026-08-08,north,partner,29,98.6
143,2026-08-05,west,partner,10,107.0
144,2026-08-19,south,retail,40,804.0
145,2026-08-26,south,partner,40,816.0
146,2026-08-17,west,partner,28,529.2
147,2026-08-18,east,retail,17,338.3
148,2026-08-19,south,retail,30,153.0
149,2026-08-23,west,partner,32,38.4
150,2026-08-28,east,partner,8,59.2
151,2026-08-13,south,online,25,27.5
152,2026-08-14,west,retail,34,550.8
153,2026-08-05,west,partner,32,364.8
154,2026-08-13,south,online,28,210.0
155,2026-08-08,west,retail,19,119.7
156,2026-08-01,south,partner,26,28.6
157,2026-08-15,north,partner,21,205.8
158,2026-08-02,south,online,9,106.2
159,2026-08-14,east,online,22,404.8
160,2026-08-13,north,online,12,176.4
161,2026-08-12,south,partner,27,62.1
162,2026-08-11,west,partner,35,189.0
163,2026-08-16,south,retail,20,156.0
164,2026-08-13,west,partner,23,381.8
165,2026-08-15,north,online,23,20.7
166,2026-08-27,west,retail,12,174.0
167,2026-08-10,west,online,12,45.6
168,2026-08-15,west,online,25,62.5
169,2026-08-25,west,online,36,162.0
170,2026-08-17,north,online,31,130.2
171,2026-08-22,south,retail,16,204.8
172,2026-08-03,south,retail,17,136.0
173,2026-08-13,south,online,25,210.0
174,2026-08-07,south,online,30,192.0
175,2026-08-07,east,partner,16,27.2
176,2026-08-13,south,retail,29,232.0
177,2026-08-27,south,partner,40,104.0
178,2026-08-15,east,partner,35,630.0
179,2026-08-22,south,partner,29,142.1
180,2026-08-22,north,partner,20,408.0
181,2026-08-27,south,retail,40,604.0
182,2026-08-26,east,retail,17,215.9
183,2026-08-23,south,online,6,18.0
184,2026-08-19,east,online,4,36.4
185,2026-08-06,north,partner,27,129.6
186,2026-08-11,west,partner,3,24.0
187,2026-08-25,west,partner,13,152.1
188,2026-08-27,west,online,28,198.8
189,2026-08-28,west,retail,15,118.5
190,2026-08-27,north,online,11,115.5
191,2026-08-28,east,online,9,179.1
192,2026-08-28,south,retail,34,564.4
193,2026-08-10,east,online,40,788.0
194,2026-08-10,west,partner,35,35.0
195,2026-08-05,south,online,12,202.8
196,2026-08-06,west,online,13,48.1
197,2026-08-20,west,online,19,269.8
198,2026-08-02,north,retail,6,45.0
199,2026-08-09,west,partner,38,129.2
200,2026-08-01,west,partner,20,78.0
201,2026-08-27,south,partner,20,24.0
202,2026-08-07,west,online,31,412.3
203,2026-08-12,south,retail,24,266.4
204,2026-08-22,north,online,36,579.6
205,2026-08-12,south,partner,8,129.6
206,2026-08-17,south,online,8,25.6
207,2026-08-07,west,online,25,242.5
208,2026-08-10,west,online,12,28.8
209,2026-08-09,north,online,35,199.5
210,2026-08-16,west,partner,20,108.0
211,2026-08-20,east,retail,34,452.2
212,2026-08-12,south,online,27,172.8
213,2026-08-18,east,retail,1,5.3
214,2026-08-09,north,retail,28,529.2
215,2026-08-24,east,retail,29,469.8
216,2026-08-26,east,retail,8,100.0
217,2026-08-01,east,online,8,44.8
218,2026-08-10,east,online,28,403.2
219,2026-08-15,north,partner,33,125.4
220,2026-08-04,west,partner,16,225.6
221,2026-08-27,north,partner,27,359.1
222,2026-08-01,south,partner,14,42.0
223,2026-08-01,north,online,23,441.6
224,2026-08-02,north,online,34,258.4
225,2026-08-13,south,retail,8,113.6
226,2026-08-16,south,online,13,208.0
227,2026-08-20,west,online,15,237.0
228,2026-08-21,south,partner,22,99.0
229,2026-08-04,south,retail,2,25.0
230,2026-08-15,west,retail,18,97.2
231,2026-08-07,south,retail,10,167.0
232,2026-08-05,north,partner,8,88.0
233,2026-08-19,south,retail,6,27.0
234,2026-08-03,north,online,10,42.0
235,2026-08-27,north,retail,17,56.1
236,2026-08-19,north,retail,17,74.8
237,2026-08-08,west,retail,17,151.3
238,2026-08-12,west,retail,5,93.0
239,2026-08-20,south,online,19,36.1
240,2026-08-28,west,partner,5,13.0
241,2026-08-26,north,partner,15,88.5
242,2026-08-19,east,partner,6,15.0
243,2026-08-04,south,online,2,10.2
244,2026-08-04,north,retail,29,292.9
245,2026-08-27,north,online,29,548.1
246,2026-08-07,north,online,17,282.2
247,2026-08-22,south,online,6,110.4
248,2026-08-15,north,partner,21,121.8
249,2026-08-09,west,retail,23,262.2
250,2026-08-11,north,partner,7,96.6
251,2026-08-08,north,partner,31,449.5
252,2026-08-06,north,partner,6,99.0
253,2026-08-01,west,online,1,15.7
254,2026-08-17,north,retail,4,50.0
255,2026-08-16,north,retail,14,105.0
256,2026-08-21,north,partner,21,258.3
257,2026-08-23,west,retail,17,312.8
258,2026-08-08,south,online,25,500.0
259,2026-08-13,west,retail,19,85.5
260,2026-08-22,south,online,16,75.2
261,2026-08-10,north,online,19,300.2
262,2026-08-26,north,retail,17,292.4
263,2026-08-10,south,partner,40,792.0
264,2026-08-11,west,online,7,78.4
265,2026-08-25,east,retail,26,187.2
266,2026-08-09,east,retail,14,179.2
267,2026-08-13,north,retail,12,54.0
268,2026-08-15,west,partner,32,361.6
269,2026-08-22,north,online,36,496.8
270,2026-08-17,west,retail,3,13.8
271,2026-08-16,east,partner,39,214.5
272,2026-08-17,south,partner,17,23.8
273,2026-08-24,east,retail,6,85.2
274,2026-08-23,west,online,27,405.0
275,2026-08-15,east,online,11,66.0
276,2026-08-22,south,partner,24,105.6
277,2026-08-05,south,partner,35,388.5
278,2026-08-15,west,partner,40,800.0
279,2026-08-02,east,retail,24,40.8
280,2026-08-02,south,retail,13,240.5
281,2026-08-16,east,online,32,278.4
282,2026-08-10,west,retail,13,91.0
283,2026-08-26,south,partner,31,511.5
284,2026-08-06,north,online,14,77.0
285,2026-08-16,north,online,34,598.4
286,2026-08-16,north,online,11,50.6
287,2026-08-13,south,partner,23,18.4
288,2026-08-19,west,partner,33,409.2
289,2026-08-02,east,retail,29,501.7
290,2026-08-05,west,retail,14,15.4
291,2026-08-12,south,partner,10,14.0
292,2026-08-20,west,partner,37,754.8
293,2026-08-01,east,online,13,146.9
294,2026-08-15,north,partner,33,221.1
295,2026-08-19,north,online,23,423.2
296,2026-08-19,south,partner,40,784.0
297,2026-08-17,east,partner,16,238.4
298,2026-08-21,west,online,20,226.0
299,2026-08-16,west,retail,25,367.5
300,2026-08-16,north,online,33,184.8
301,2026-08-02,east,online,17,295.8
302,2026-08-01,north,online,20,56.0
303,2026-08-06,south,retail,6,70.2
304,2026-08-07,south,retail,38,532.0
305,2026-08-12,east,partner,6,55.2
306,2026-08-02,east,partner,2,39.4
307,2026-08-07,south,online,15,285.0
308,2026-08-05,north,retail,30,306.0
309,2026-08-26,west,online,26,299.0
310,2026-08-21,west,partner,25,392.5
311,2026-08-17,south,partner,13,191.1
312,2026-08-27,west,partner,15,121.5
313,2026-08-17,west,online,3,44.7
314,2026-08-11,south,retail,28,411.6
315,2026-08-07,south,retail,33,92.4
316,2026-08-12,east,partner,32,214.4
317,2026-08-09,west,retail,4,43.2
318,2026-08-20,west,online,5,32.5
319,2026-08-08,south,online,2,27.0
320,2026-08-02,north,partner,7,105.7
321,2026-08-19,west,partner,10,83.0
322,2026-08-01,west,retail,14,200.2
323,2026-08-01,south,retail,18,61.2
324,2026-08-21,north,partner,27,459.0
325,2026-08-11,south,online,34,615.4
326,2026-08-10,south,partner,3,13.5
327,2026-08-11,north,online,25,307.5
328,2026-08-17,north,partner,18,347.4
329,2026-08-03,north,partner,24,124.8
330,2026-08-11,south,retail,13,15.6
331,2026-08-02,west,partner,8,161.6
332,2026-08-11,east,online,12,67.2
333,2026-08-04,east,partner,17,222.7
334,2026-08-02,north,retail,14,50.4
335,2026-08-14,east,partner,30,495.0
336,2026-08-08,east,online,29,150.8
337,2026-08-19,south,retail,8,111.2
338,2026-08-07,west,partner,19,332.5
339,2026-08-05,east,retail,28,184.8
340,2026-08-03,south,retail,5,96.5
341,2026-08-25,north,online,36,666.0
342,2026-08-05,south,retail,12,186.0
343,2026-08-25,west,partner,28,291.2
344,2026-08-02,north,online,27,291.6
345,2026-08-08,east,partner,8,157.6
346,2026-08-26,north,partner,5,65.5
347,2026-08-22,east,online,5,54.5
348,2026-08-17,south,retail,36,464.4
349,2026-08-28,north,online,32,544.0
350,2026-08-15,north,partner,33,600.6
351,2026-08-08,west,online,16,256.0
352,2026-08-04,west,partner,31,434.0
353,2026-08-07,west,online,33,250.8
354,2026-08-07,south,partner,8,55.2
355,2026-08-08,west,retail,13,133.9
356,2026-08-16,east,retail,28,456.4
357,2026-08-03,west,partner,9,32.4
358,2026-08-03,north,online,7,39.2
359,2026-08-08,east,retail,37,714.1
360,2026-08-01,south,partner,23,296.7
361,2026-08-07,north,retail,26,366.6
362,2026-08-08,east,retail,7,118.3
363,2026-08-06,south,online,9,68.4
364,2026-08-09,west,retail,25,327.5
365,2026-08-21,north,online,18,104.4
366,2026-08-22,east,online,27,426.6
367,2026-08-20,north,retail,24,362.4
368,2026-08-18,east,retail,14,165.2
369,2026-08-11,south,retail,5,46.5
370,2026-08-05,east,online,14,70.0
371,2026-08-25,south,online,4,9.6
372,2026-08-07,south,retail,7,111.3
373,2026-08-21,west,retail,40,512.0
374,2026-08-27,south,retail,2,20.0
375,2026-08-23,east,partner,21,415.8
376,2026-08-27,east,online,40,640.0
377,2026-08-25,west,retail,6,81.0
378,2026-08-03,east,online,9,40.5
379,2026-08-06,south,partner,19,15.2
380,2026-08-07,west,online,10,169.0
381,2026-08-21,north,retail,38,437.0
382,2026-08-11,west,retail,30,183.0
383,2026-08-27,east,retail,31,257.3
384,2026-08-23,north,partner,1,4.3
385,2026-08-16,north,retail,27,83.7
386,2026-08-14,south,retail,4,5.2
387,2026-08-18,west,retail,17,105.4
388,2026-08-25,east,online,14,74.2
389,2026-08-17,west,online,25,32.5
390,2026-08-10,south,partner,29,319.0
391,2026-08-03,east,partner,11,132.0
392,2026-08-07,south,partner,38,771.4
393,2026-08-05,east,online,6,101.4
394,2026-08-22,north,retail,35,280.0
395,2026-08-23,east,partner,28,560.0
396,2026-08-04,south,partner,31,99.2
397,2026-08-03,north,online,13,192.4
398,2026-08-03,east,retail,34,224.4
399,2026-08-03,south,retail,20,118.0
400,2026-08-27,north,partner,1,9.9
401,2026-08-26,west,retail,27,197.1
402,2026-08-06,west,partner,11,113.3
403,2026-08-23,east,partner,5,84.0
404,2026-08-13,east,online,2,34.8
405,2026-08-16,west,retail,37,629.0
406,2026-08-11,north,partner,9,27.9
407,2026-08-04,west,partner,23,236.9
408,2026-08-22,east,online,24,439.2
409,2026-08-16,south,partner,31,480.5
410,2026-08-11,south,partner,14,102.2
411,2026-08-21,west,online,3,58.8
412,2026-08-07,west,online,26,88.4
413,2026-08-01,south,partner,14,85.4
414,2026-08-17,west,partner,38,418.0
415,2026-08-16,north,retail,8,70.4
416,2026-08-13,west,partner,38,440.8
417,2026-08-24,west,retail,30,609.0
418,2026-08-12,west,partner,2,27.2
419,2026-08-01,south,partner,40,124.0
420,2026-08-11,north,online,26,65.0
421,2026-08-24,north,online,4,32.0
422,2026-08-19,south,partner,37,22.2
423,2026-08-17,north,online,3,46.2
424,2026-08-07,east,retail,7,133.0
425,2026-08-28,east,online,12,84.0
426,2026-08-26,south,online,26,520.0
427,2026-08-27,north,partner,33,254.1
428,2026-08-25,east,partner,8,18.4
429,2026-08-03,east,partner,26,163.8
430,2026-08-22,north,partner,26,249.6
431,2026-08-13,north,partner,3,33.9
432,2026-08-21,north,retail,15,289.5
433,2026-08-14,north,online,28,263.2
434,2026-08-24,east,partner,25,197.5
435,2026-08-15,south,retail,1,5.9
436,2026-08-12,south,online,39,682.5
437,2026-08-09,east,online,29,179.8
438,2026-08-09,north,retail,2,29.4
439,2026-08-14,east,online,20,258.0
440,2026-08-11,south,partner,26,312.0
441,2026-08-13,east,retail,34,493.0
442,2026-08-16,west,partner,5,31.0
443,2026-08-01,east,online,29,542.3
444,2026-08-09,north,online,36,396.0
445,2026-08-22,north,online,16,52.8
446,2026-08-02,east,retail,7,135.1
447,2026-08-03,north,retail,27,18.9
448,2026-08-28,north,retail,20,30.0
449,2026-08-01,south,retail,12,117.6
450,2026-08-24,west,partner,2,36.0
451,2026-08-26,south,partner,16,272.0
452,2026-08-12,north,partner,9,129.6
453,2026-08-10,north,retail,16,84.8
454,2026-08-17,east,retail,31,443.3
455,2026-08-24,south,partner,36,507.6
456,2026-08-13,east,online,17,88.4
457,2026-08-06,west,retail,3,8.7
458,2026-08-04,west,partner,34,255.0
459,2026-08-08,south,retail,24,146.4
460,2026-08-16,south,partner,27,302.4
461,2026-08-21,east,retail,25,430.0
462,2026-08-28,west,online,5,88.0
463,2026-08-21,north,retail,19,199.5
464,2026-08-26,east,online,38,490.2
465,2026-08-05,east,retail,6,70.8
466,2026-08-17,west,retail,10,16.0
467,2026-08-05,east,partner,30,237.0
468,2026-08-18,east,partner,23,154.1
469,2026-08-24,east,online,30,540.0
470,2026-08-17,east,retail,37,629.0
471,2026-08-18,west,partner,27,232.2
472,2026-08-26,south,online,29,423.4
473,2026-08-12,south,retail,23,20.7
474,2026-08-15,east,partner,39,460.2
475,2026-08-16,north,partner,1,10.8
476,2026-08-14,north,online,16,224.0
477,2026-08-05,south,partner,28,179.2
478,2026-08-08,west,partner,35,581.0
479,2026-08-08,east,retail,1,6.4
480,2026-08-10,west,partner,12,92.4
481,2026-08-21,north,partner,11,72.6
482,2026-08-05,south,partner,27,502.2
483,2026-08-05,west,online,35,532.0
484,2026-08-19,east,partner,33,132.0
485,2026-08-18,south,partner,23,414.0
486,2026-08-26,south,retail,27,440.1
487,2026-08-01,west,online,32,496.0
488,2026-08-21,west,retail,30,585.0
489,2026-08-06,west,partner,37,377.4
490,2026-08-20,north,retail,28,179.2
491,2026-08-16,west,retail,25,17.5
492,2026-08-26,south,online,24,180.0
493,2026-08-13,north,online,26,260.0
494,2026-08-23,south,online,1,3.4
495,2026-08-03,west,partner,5,65.5
496,2026-08-28,east,partner,7,125.3
497,2026-08-13,east,retail,18,55.8
498,2026-08-24,east,retail,21,308.7
499,2026-08-25,south,partner,6,55.8
500,2026-08-26,south,retail,24,96.0
501,2026-08-12,south,retail,26,176.8
502,2026-08-11,west,online,2,11.6
503,2026-08-09,west,online,36,43.2
504,2026-08-19,west,online,19,28.5
505,2026-08-21,east,retail,22,341.0
506,2026-08-08,north,online,34,571.2
507,2026-08-20,west,partner,31,341.0
508,2026-08-04,south,partner,14,173.6
509,2026-08-06,north,online,19,243.2
510,2026-08-05,east,partner,40,244.0
511,2026-08-07,south,retail,24,408.0
512,2026-08-09,north,online,38,228.0
513,2026-08-10,south,partner,28,462.0
514,2026-08-01,south,retail,39,475.8
515,2026-08-14,west,partner,39,58.5
516,2026-08-12,east,retail,28,501.2
517,2026-08-15,south,retail,8,105.6
518,2026-08-25,east,partner,17,54.4
519,2026-08-21,west,online,30,270.0
520,2026-08-03,east,online,37,344.1
521,2026-08-04,south,online,17,124.1
522,2026-08-18,east,retail,9,13.5
523,2026-08-05,north,retail,20,68.0
524,2026-08-05,north,online,15,276.0
525,2026-08-16,north,partner,37,196.1
526,2026-08-04,south,retail,8,69.6
527,2026-08-03,north,retail,1,8.7
528,2026-08-17,north,retail,18,199.8
529,2026-08-28,south,retail,1,15.5
530,2026-08-04,west,online,10,24.0
531,2026-08-23,east,online,7,115.5
532,2026-08-12,east,partner,12,211.2
533,2026-08-23,south,retail,8,126.4
534,2026-08-06,south,partner,1,15.7
535,2026-08-05,north,partner,14,163.8
536,2026-08-06,north,retail,27,167.4
537,2026-08-08,south,retail,23,181.7
538,2026-08-03,west,partner,31,359.6
539,2026-08-19,south,retail,7,114.1
540,2026-08-16,south,partner,29,551.0
541,2026-08-05,south,online,35,343.0
542,2026-08-15,east,online,40,248.0
543,2026-08-15,west,retail,9,35.1
544,2026-08-07,west,retail,27,164.7
545,2026-08-26,south,retail,24,312.0
546,2026-08-10,west,partner,37,48.1
547,2026-08-17,south,partner,14,168.0
548,2026-08-14,south,online,16,49.6
549,2026-08-07,west,partner,10,31.0
550,2026-08-02,east,retail,33,475.2
551,2026-08-22,south,partner,14,205.8
552,2026-08-07,north,retail,13,84.5
553,2026-08-20,south,partner,15,165.0
554,2026-08-26,west,retail,23,34.5
555,2026-08-17,east,online,17,231.2
556,2026-08-22,south,retail,32,355.2
557,2026-08-16,east,online,19,273.6
558,2026-08-20,west,partner,25,92.5
559,2026-08-01,west,partner,8,80.8
560,2026-08-23,north,partner,15,163.5
561,2026-08-16,south,retail,1,10.5
562,2026-08-23,east,partner,9,21.6
563,2026-08-07,south,online,19,362.9
564,2026-08-28,south,online,33,504.9
565,2026-08-28,north,online,7,79.1
566,2026-08-28,south,partner,10,41.0
567,2026-08-03,west,retail,27,364.5
568,2026-08-23,east,retail,12,26.4
569,2026-08-21,east,partner,34,207.4
570,2026-08-16,south,partner,15,181.5
571,2026-08-16,north,online,9,81.0
572,2026-08-11,west,partner,15,267.0
573,2026-08-23,north,partner,37,25.9
574,2026-08-23,south,online,34,574.6
575,2026-08-06,west,retail,21,29.4
576,2026-08-22,west,retail,9,36.0
577,2026-08-27,east,retail,21,403.2
578,2026-08-10,west,online,21,170.1
579,2026-08-02,south,partner,14,172.2
580,2026-08-11,south,partner,15,19.5
581,2026-08-25,east,retail,31,558.0
582,2026-08-05,west,online,35,143.5
583,2026-08-17,south,online,39,557.7
584,2026-08-09,west,online,16,304.0
585,2026-08-18,west,retail,23,48.3
586,2026-08-01,south,online,7,119.0
587,2026-08-15,west,retail,24,192.0
588,2026-08-21,west,retail,3,50.4
589,2026-08-10,east,online,26,161.2
590,2026-08-21,east,retail,35,353.5
591,2026-08-08,west,online,16,315.2
592,2026-08-16,east,partner,39,393.9
593,2026-08-15,west,retail,28,291.2
594,2026-08-20,west,online,2,32.2
595,2026-08-05,east,retail,1,15.6
596,2026-08-13,west,online,9,75.6
597,2026-08-18,south,partner,9,63.9
598,2026-08-08,west,online,29,301.6
599,2026-08-08,north,partner,26,236.6
600,2026-08-06,west,partner,16,180.8
